DEM_EMP_ID,DEM_GRANT_DATE,DEM_VESTING_ID,DEM_FMV_ID,DEM_GRANT_NAME,DEM_NO_OF_OPTION,DEM_ErrorString,DEM_RecStatus,DEM_LAPSE_MONTH,DEM_COMPANY_NAME,DEM_TAX_REGIME
10603,01-04-2012,Vesting1,38.5,TRANCH1 HEHI,10390,N.A.,Success,60,HEHI1,N
10610,01-04-2012,Vesting1,38.5,TRANCH1 HEHI,5195,N.A.,Success,60,HEHI1,O
10626,01-04-2012,Vesting1,38.5,TRANCH1 HEHI,3897,N.A.,Success,60,HEHI1,N
10603,01-08-2016,Vesting1,75.8065,TRANCH2 HEHI,12988,N.A.,Success,60,HEHI1,N
10603,01-10-2017,Vesting1,75.8065,TRANCH3 HEHI,11689,N.A.,Success,60,HEHI1,N
10603,09-02-2018,Vesting2,75.8065,TRANCH4 HEHI,41559,N.A.,Success,60,HEHI1,N
10610,07-08-2019,Vesting2,281.05,TRANCH5 HEHI,6494,N.A.,Success,60,HEHI1,O
10626,07-08-2019,Vesting2,281.05,TRANCH5 HEHI,6494,N.A.,Success,60,HEHI1,N
12944,07-08-2019,Vesting2,281.05,TRANCH5 HEHI,6494,N.A.,Success,60,HEHI1,O
13280,07-08-2019,Vesting2,281.05,TRANCH5 HEHI,6494,N.A.,Success,60,HEHI1,N
12796,07-08-2019,Vesting2,281.05,TRANCH5 HEHI,6494,N.A.,Success,60,HEHI1,O
13007,07-08-2019,Vesting2,281.05,TRANCH5 HEHI,6494,N.A.,Success,60,HEHI1,N
13028,07-08-2019,Vesting2,281.05,TRANCH5 HEHI,6494,N.A.,Success,60,HEHI1,N
10603,10-02-2020,Vesting1,364.595,TRANCH6 HEHI,38962,N.A.,Success,60,HEHI2,N
12944,10-02-2020,Vesting1,364.595,TRANCH6 HEHI,12988,N.A.,Success,60,HEHI2,O
13280,10-02-2020,Vesting1,364.595,TRANCH6 HEHI,12988,N.A.,Success,60,HEHI2,N
13007,10-02-2020,Vesting1,364.595,TRANCH6 HEHI,12988,N.A.,Success,60,HEHI2,N
13028,10-02-2020,Vesting1,364.595,TRANCH6 HEHI,6494,N.A.,Success,60,HEHI2,N
12993,10-02-2020,Vesting1,364.595,TRANCH6 HEHI,12988,N.A.,Success,60,HEHI2,O
10627,10-02-2020,Vesting1,364.595,TRANCH6 HEHI,12988,N.A.,Success,60,HEHI2,N
1568,12-06-2020,Vesting1,359.205,TRANCH7 HEHI,125000,N.A.,Success,60,HEHI1,O
1029,10-02-2010,Vesting1,10,TRANCH1,24000,N.A.,Success,60,ABC,N
1038,10-02-2010,Vesting1,10,TRANCH1,5000,N.A.,Success,60,ABC,O
1045,10-02-2010,Vesting1,10,TRANCH1,36000,N.A.,Success,60,ABC,N
1048,10-02-2010,Vesting1,10,TRANCH1,24000,N.A.,Success,60,ABC,N
1060,10-02-2010,Vesting1,10,TRANCH1,150000,N.A.,Success,60,ABC,O
1093,10-02-2010,Vesting1,10,TRANCH1,5000,N.A.,Success,60,ABC,N
1109,10-02-2010,Vesting1,10,TRANCH1,5000,N.A.,Success,60,ABC,O
1129,10-02-2010,Vesting1,10,TRANCH1,24000,N.A.,Success,60,ABC,N
1139,10-02-2010,Vesting1,10,TRANCH1,5000,N.A.,Success,60,ABC,O
1145,10-02-2010,Vesting1,10,TRANCH1,40000,N.A.,Success,60,ABC,N
1147,10-02-2010,Vesting1,10,TRANCH1,5000,N.A.,Success,60,ABC,N
1152,10-02-2010,Vesting1,10,TRANCH1,5000,N.A.,Success,60,ABC,O
1153,10-02-2010,Vesting1,10,TRANCH1,90000,N.A.,Success,60,ABC,N
1155,10-02-2010,Vesting1,10,TRANCH1,5000,N.A.,Success,60,ABC,O
1173,10-02-2010,Vesting1,10,TRANCH1,5000,N.A.,Success,60,ABC,N
1178,10-02-2010,Vesting1,10,TRANCH1,5000,N.A.,Success,60,ABC,O
1187,10-02-2010,Vesting1,10,TRANCH1,36000,N.A.,Success,60,ABC,N
1189,10-02-2010,Vesting1,10,TRANCH1,36000,N.A.,Success,60,ABC,N
1214,10-02-2010,Vesting1,10,TRANCH1,5000,N.A.,Success,60,ABC,O
1230,10-02-2010,Vesting1,10,TRANCH1,5000,N.A.,Success,60,ABC,N
1234,10-02-2010,Vesting1,10,TRANCH1,5000,N.A.,Success,60,ABC,O
1235,10-02-2010,Vesting1,10,TRANCH1,40000,N.A.,Success,60,ABC,N
1240,10-02-2010,Vesting1,10,TRANCH1,40000,N.A.,Success,60,ABC,O
1241,10-02-2010,Vesting1,10,TRANCH1,5000,N.A.,Success,60,ABC,N
1247,10-02-2010,Vesting1,10,TRANCH1,5000,N.A.,Success,60,ABC,N
1251,10-02-2010,Vesting1,10,TRANCH1,24000,N.A.,Success,60,ABC,O
1253,10-02-2010,Vesting1,10,TRANCH1,24000,N.A.,Success,60,ABC,N
1255,10-02-2010,Vesting1,10,TRANCH1,5000,N.A.,Success,60,ABC,O
1260,10-02-2010,Vesting1,10,TRANCH1,5000,N.A.,Success,60,ABC,N
1294,10-02-2010,Vesting1,10,TRANCH1,5000,N.A.,Success,60,ABC,O
1313,10-02-2010,Vesting1,10,TRANCH1,5000,N.A.,Success,60,ABC,N
1317,10-02-2010,Vesting1,10,TRANCH1,5000,N.A.,Success,60,ABC,N
1318,10-02-2010,Vesting1,10,TRANCH1,5000,N.A.,Success,60,ABC,O
1327,10-02-2010,Vesting1,10,TRANCH1,24000,N.A.,Success,60,ABC,N
1329,10-02-2010,Vesting1,10,TRANCH1,5000,N.A.,Success,60,ABC,O
1333,10-02-2010,Vesting1,10,TRANCH1,5000,N.A.,Success,60,ABC,N
1347,10-02-2010,Vesting1,10,TRANCH1,5000,N.A.,Success,60,ABC,O
1361,10-02-2010,Vesting1,10,TRANCH1,5000,N.A.,Success,60,ABC,N
1370,10-02-2010,Vesting1,10,TRANCH1,5000,N.A.,Success,60,ABC,N
1398,10-02-2010,Vesting1,10,TRANCH1,5000,N.A.,Success,60,ABC,O
1407,10-02-2010,Vesting1,10,TRANCH1,5000,N.A.,Success,60,ABC,N
1412,10-02-2010,Vesting1,10,TRANCH1,150000,N.A.,Success,60,ABC,O
1444,10-02-2010,Vesting1,10,TRANCH1,5000,N.A.,Success,60,ABC,N
1452,10-02-2010,Vesting1,10,TRANCH1,5000,N.A.,Success,60,ABC,O
1553,10-02-2010,Vesting1,10,TRANCH1,300000,N.A.,Success,60,ABC,N
1565,10-02-2010,Vesting1,10,TRANCH1,36000,N.A.,Success,60,ABC,N
1568,10-02-2010,Vesting1,10,TRANCH1,150000,N.A.,Success,60,ABC,O
1572,10-02-2010,Vesting1,10,TRANCH1,40000,N.A.,Success,60,ABC,O
1574,10-02-2010,Vesting1,10,TRANCH1,36000,N.A.,Success,60,ABC,N
1610,10-02-2010,Vesting1,10,TRANCH1,90000,N.A.,Success,60,ABC,O
1611,10-02-2010,Vesting1,10,TRANCH1,36000,N.A.,Success,60,ABC,N
1637,10-02-2010,Vesting1,10,TRANCH1,150000,N.A.,Success,60,ABC,O
1663,10-02-2010,Vesting1,10,TRANCH1,24000,N.A.,Success,60,ABC,N
1686,10-02-2010,Vesting1,10,TRANCH1,60000,N.A.,Success,60,ABC,N
1696,10-02-2010,Vesting1,10,TRANCH1,36000,N.A.,Success,60,ABC,O
1730,10-02-2010,Vesting1,10,TRANCH1,24000,N.A.,Success,60,ABC,N
1741,10-02-2010,Vesting1,10,TRANCH1,60000,N.A.,Success,60,ABC,O
1749,10-02-2010,Vesting1,10,TRANCH1,24000,N.A.,Success,60,ABC,N
1750,10-02-2010,Vesting1,10,TRANCH1,24000,N.A.,Success,60,ABC,O
1788,10-02-2010,Vesting1,10,TRANCH1,24000,N.A.,Success,60,ABC,N
1839,10-02-2010,Vesting1,10,TRANCH1,24000,N.A.,Success,60,ABC,N
1893,10-02-2010,Vesting1,10,TRANCH1,36000,N.A.,Success,60,ABC,O
1041,10-02-2010,Vesting1,10,TRANCH1,24000,N.A.,Success,60,ABC,N
1081,10-02-2010,Vesting1,10,TRANCH1,5000,N.A.,Success,60,ABC,O
1160,10-02-2010,Vesting1,10,TRANCH1,24000,N.A.,Success,60,ABC,N
1197,10-02-2010,Vesting1,10,TRANCH1,5000,N.A.,Success,60,ABC,O
1231,10-02-2010,Vesting1,10,TRANCH1,5000,N.A.,Success,60,ABC,N
1245,10-02-2010,Vesting1,10,TRANCH1,5000,N.A.,Success,60,ABC,N
1290,10-02-2010,Vesting1,10,TRANCH1,90000,N.A.,Success,60,ABC,O
1326,10-02-2010,Vesting1,10,TRANCH1,5000,N.A.,Success,60,ABC,N
1343,10-02-2010,Vesting1,10,TRANCH1,36000,N.A.,Success,60,ABC,O
1373,10-02-2010,Vesting1,10,TRANCH1,5000,N.A.,Success,60,ABC,N
1391,10-02-2010,Vesting1,10,TRANCH1,5000,N.A.,Success,60,ABC,O
1569,10-02-2010,Vesting1,10,TRANCH1,150000,N.A.,Success,60,ABC,N
1616,10-02-2010,Vesting1,10,TRANCH1,40000,N.A.,Success,60,ABC,N
8851,10-02-2010,Vesting1,10,TRANCH1,60000,N.A.,Success,60,ABC,O
1657,10-02-2010,Vesting1,10,TRANCH1,60000,N.A.,Success,60,ABC,N
1759,10-02-2010,Vesting1,10,TRANCH1,40000,N.A.,Success,60,ABC,O
1029,25-05-2010,Vesting1,10,TRANCH2,24000,N.A.,Success,60,ABC,N
1045,25-05-2010,Vesting1,10,TRANCH2,60000,N.A.,Success,60,ABC,N
1048,25-05-2010,Vesting1,10,TRANCH2,24000,N.A.,Success,60,ABC,N
1060,25-05-2010,Vesting1,10,TRANCH2,150000,N.A.,Success,60,ABC,O
1129,25-05-2010,Vesting1,10,TRANCH2,24000,N.A.,Success,60,ABC,N
1145,25-05-2010,Vesting1,10,TRANCH2,24000,N.A.,Success,60,ABC,N
1153,25-05-2010,Vesting1,10,TRANCH2,150000,N.A.,Success,60,ABC,N
1187,25-05-2010,Vesting1,10,TRANCH2,36000,N.A.,Success,60,ABC,N
1189,25-05-2010,Vesting1,10,TRANCH2,36000,N.A.,Success,60,ABC,N
1251,25-05-2010,Vesting1,10,TRANCH2,24000,N.A.,Success,60,ABC,O
1253,25-05-2010,Vesting1,10,TRANCH2,24000,N.A.,Success,60,ABC,N
1327,25-05-2010,Vesting1,10,TRANCH2,24000,N.A.,Success,60,ABC,N
1412,25-05-2010,Vesting1,10,TRANCH2,150000,N.A.,Success,60,ABC,O
1553,25-05-2010,Vesting1,10,TRANCH2,300000,N.A.,Success,60,ABC,N
1565,25-05-2010,Vesting1,10,TRANCH2,36000,N.A.,Success,60,ABC,N
1568,25-05-2010,Vesting1,10,TRANCH2,150000,N.A.,Success,60,ABC,O
1572,25-05-2010,Vesting1,10,TRANCH2,40000,N.A.,Success,60,ABC,O
1574,25-05-2010,Vesting1,10,TRANCH2,36000,N.A.,Success,60,ABC,N
1610,25-05-2010,Vesting1,10,TRANCH2,150000,N.A.,Success,60,ABC,O
1637,25-05-2010,Vesting1,10,TRANCH2,150000,N.A.,Success,60,ABC,O
1663,25-05-2010,Vesting1,10,TRANCH2,24000,N.A.,Success,60,ABC,N
1683,25-05-2010,Vesting1,10,TRANCH2,40000,N.A.,Success,60,ABC,N
1686,25-05-2010,Vesting1,10,TRANCH2,60000,N.A.,Success,60,ABC,N
1741,25-05-2010,Vesting1,10,TRANCH2,36000,N.A.,Success,60,ABC,O
1750,25-05-2010,Vesting1,10,TRANCH2,40000,N.A.,Success,60,ABC,O
1788,25-05-2010,Vesting1,10,TRANCH2,40000,N.A.,Success,60,ABC,N
1812,25-05-2010,Vesting1,10,TRANCH2,60000,N.A.,Success,60,ABC,O
1822,25-05-2010,Vesting1,10,TRANCH2,24000,N.A.,Success,60,ABC,N
1839,25-05-2010,Vesting1,10,TRANCH2,40000,N.A.,Success,60,ABC,N
1893,25-05-2010,Vesting1,10,TRANCH2,60000,N.A.,Success,60,ABC,O
1994,25-05-2010,Vesting1,10,TRANCH2,36000,N.A.,Success,60,ABC,N
2129,25-05-2010,Vesting1,10,TRANCH2,24000,N.A.,Success,60,ABC,O
2214,25-05-2010,Vesting1,10,TRANCH2,24000,N.A.,Success,60,ABC,N
2228,25-05-2010,Vesting1,10,TRANCH2,40000,N.A.,Success,60,ABC,O
2377,25-05-2010,Vesting1,10,TRANCH2,60000,N.A.,Success,60,ABC,N
1041,25-05-2010,Vesting1,10,TRANCH2,24000,N.A.,Success,60,ABC,N
1160,25-05-2010,Vesting1,10,TRANCH2,24000,N.A.,Success,60,ABC,N
1290,25-05-2010,Vesting1,10,TRANCH2,150000,N.A.,Success,60,ABC,O
1343,25-05-2010,Vesting1,10,TRANCH2,60000,N.A.,Success,60,ABC,O
1569,25-05-2010,Vesting1,10,TRANCH2,150000,N.A.,Success,60,ABC,N
8851,25-05-2010,Vesting1,10,TRANCH2,36000,N.A.,Success,60,ABC,O
1657,25-05-2010,Vesting1,10,TRANCH2,60000,N.A.,Success,60,ABC,N
1759,25-05-2010,Vesting1,10,TRANCH2,40000,N.A.,Success,60,ABC,O
1909,25-05-2010,Vesting1,10,TRANCH2,36000,N.A.,Success,60,ABC,O
2012,25-05-2010,Vesting1,10,TRANCH2,24000,N.A.,Success,60,ABC,N
2196,25-05-2010,Vesting1,10,TRANCH2,60000,N.A.,Success,60,ABC,N
2201,25-05-2010,Vesting1,10,TRANCH2,40000,N.A.,Success,60,ABC,O
2285,25-05-2010,Vesting1,10,TRANCH2,24000,N.A.,Success,60,ABC,N
2425,25-05-2010,Vesting1,10,TRANCH2,36000,N.A.,Success,60,ABC,O
1029,25-07-2011,Vesting1,50,TRANCH3,12000,N.A.,Success,60,ABC,N
1031,25-07-2011,Vesting1,50,TRANCH3,12000,N.A.,Success,60,ABC,N
1045,25-07-2011,Vesting1,50,TRANCH3,30000,N.A.,Success,60,ABC,N
1048,25-07-2011,Vesting1,50,TRANCH3,12000,N.A.,Success,60,ABC,N
1129,25-07-2011,Vesting1,50,TRANCH3,12000,N.A.,Success,60,ABC,N
1145,25-07-2011,Vesting1,50,TRANCH3,20000,N.A.,Success,60,ABC,N
1187,25-07-2011,Vesting1,50,TRANCH3,18000,N.A.,Success,60,ABC,N
1235,25-07-2011,Vesting1,50,TRANCH3,12000,N.A.,Success,60,ABC,N
1251,25-07-2011,Vesting1,50,TRANCH3,20000,N.A.,Success,60,ABC,O
1253,25-07-2011,Vesting1,50,TRANCH3,12000,N.A.,Success,60,ABC,N
1327,25-07-2011,Vesting1,50,TRANCH3,12000,N.A.,Success,60,ABC,N
1344,25-07-2011,Vesting1,50,TRANCH3,18000,N.A.,Success,60,ABC,O
1482,25-07-2011,Vesting1,50,TRANCH3,20000,N.A.,Success,60,ABC,N
1543,25-07-2011,Vesting1,50,TRANCH3,12000,N.A.,Success,60,ABC,N
1565,25-11-2011,Vesting1,50,TRANCH3,18000,N.A.,Success,60,ABC,N
1572,25-11-2011,Vesting1,50,TRANCH3,20000,N.A.,Success,60,ABC,O
1574,25-11-2011,Vesting1,50,TRANCH3,18000,N.A.,Success,60,ABC,N
1611,25-11-2011,Vesting1,50,TRANCH3,18000,N.A.,Success,60,ABC,N
1663,25-11-2011,Vesting1,50,TRANCH3,12000,N.A.,Success,60,ABC,N
1683,25-11-2011,Vesting1,50,TRANCH3,20000,N.A.,Success,60,ABC,N
1686,25-11-2011,Vesting1,50,TRANCH3,30000,N.A.,Success,60,ABC,N
1741,25-11-2011,Vesting1,50,TRANCH3,18000,N.A.,Success,60,ABC,O
1750,25-11-2011,Vesting1,50,TRANCH3,12000,N.A.,Success,60,ABC,O
1788,25-11-2011,Vesting1,50,TRANCH3,20000,N.A.,Success,60,ABC,N
1839,25-11-2011,Vesting1,50,TRANCH3,20000,N.A.,Success,60,ABC,N
1893,25-11-2011,Vesting1,50,TRANCH3,30000,N.A.,Success,60,ABC,O
1910,25-11-2011,Vesting1,50,TRANCH3,12000,N.A.,Success,60,ABC,O
1994,25-11-2011,Vesting1,50,TRANCH3,30000,N.A.,Success,60,ABC,N
2129,25-11-2011,Vesting1,50,TRANCH3,12000,N.A.,Success,60,ABC,O
2206,25-11-2011,Vesting1,50,TRANCH3,12000,N.A.,Success,60,ABC,N
2214,25-11-2011,Vesting1,50,TRANCH3,30000,N.A.,Success,60,ABC,N
2228,25-11-2011,Vesting1,50,TRANCH3,20000,N.A.,Success,60,ABC,O
2237,25-11-2011,Vesting1,50,TRANCH3,12000,N.A.,Success,60,ABC,O
2377,25-11-2011,Vesting1,50,TRANCH3,50000,N.A.,Success,60,ABC,N
2445,25-11-2011,Vesting1,50,TRANCH3,30000,N.A.,Success,60,ABC,N
2496,25-11-2011,Vesting1,50,TRANCH3,12000,N.A.,Success,60,ABC,O
2509,25-11-2011,Vesting1,50,TRANCH3,18000,N.A.,Success,60,ABC,N
2519,25-11-2011,Vesting1,50,TRANCH3,18000,N.A.,Success,60,ABC,N
2578,25-11-2011,Vesting1,50,TRANCH3,12000,N.A.,Success,60,ABC,O
2647,25-11-2011,Vesting1,50,TRANCH3,12000,N.A.,Success,60,ABC,N
1041,25-07-2011,Vesting1,50,TRANCH3,12000,N.A.,Success,60,ABC,N
1160,25-07-2011,Vesting1,50,TRANCH3,20000,N.A.,Success,60,ABC,N
1343,25-07-2011,Vesting1,50,TRANCH3,30000,N.A.,Success,60,ABC,O
1512,25-07-2011,Vesting1,50,TRANCH3,12000,N.A.,Success,60,ABC,O
1616,25-11-2011,Vesting1,50,TRANCH3,12000,N.A.,Success,60,ABC,N
1624,25-11-2011,Vesting1,50,TRANCH3,20000,N.A.,Success,60,ABC,N
8851,25-11-2011,Vesting1,50,TRANCH3,30000,N.A.,Success,60,ABC,O
1657,25-11-2011,Vesting1,50,TRANCH3,30000,N.A.,Success,60,ABC,N
1759,25-11-2011,Vesting1,50,TRANCH3,20000,N.A.,Success,60,ABC,O
1909,25-11-2011,Vesting1,50,TRANCH3,30000,N.A.,Success,60,ABC,O
1916,25-11-2011,Vesting1,50,TRANCH3,12000,N.A.,Success,60,ABC,O
2012,25-11-2011,Vesting1,50,TRANCH3,12000,N.A.,Success,60,ABC,N
2196,25-11-2011,Vesting1,50,TRANCH3,30000,N.A.,Success,60,ABC,N
2201,25-11-2011,Vesting1,50,TRANCH3,20000,N.A.,Success,60,ABC,O
2285,25-11-2011,Vesting1,50,TRANCH3,12000,N.A.,Success,60,ABC,N
2425,25-11-2011,Vesting1,50,TRANCH3,30000,N.A.,Success,60,ABC,O
1029,24-04-2012,Vesting1,50,TRANCH4,12000,N.A.,Success,60,ABC,N
1031,24-04-2012,Vesting1,50,TRANCH4,12000,N.A.,Success,60,ABC,N
1045,24-04-2012,Vesting1,50,TRANCH4,30000,N.A.,Success,60,ABC,N
1048,24-04-2012,Vesting1,50,TRANCH4,18000,N.A.,Success,60,ABC,N
1060,24-04-2012,Vesting1,50,TRANCH4,90000,N.A.,Success,60,ABC,O
1129,24-04-2012,Vesting1,50,TRANCH4,18000,N.A.,Success,60,ABC,N
1145,24-04-2012,Vesting1,50,TRANCH4,30000,N.A.,Success,60,ABC,N
1153,24-04-2012,Vesting1,50,TRANCH4,75000,N.A.,Success,60,ABC,N
1187,24-04-2012,Vesting1,50,TRANCH4,30000,N.A.,Success,60,ABC,N
1235,24-04-2012,Vesting1,50,TRANCH4,12000,N.A.,Success,60,ABC,N
1251,24-04-2012,Vesting1,50,TRANCH4,30000,N.A.,Success,60,ABC,O
1253,24-04-2012,Vesting1,50,TRANCH4,30000,N.A.,Success,60,ABC,N
1327,24-04-2012,Vesting1,50,TRANCH4,12000,N.A.,Success,60,ABC,N
1344,24-04-2012,Vesting1,50,TRANCH4,18000,N.A.,Success,60,ABC,O
1412,24-04-2012,Vesting1,50,TRANCH4,90000,N.A.,Success,60,ABC,O
1482,24-04-2012,Vesting1,50,TRANCH4,20000,N.A.,Success,60,ABC,N
1543,24-04-2012,Vesting1,50,TRANCH4,12000,N.A.,Success,60,ABC,N
1546,24-04-2012,Vesting1,50,TRANCH4,12000,N.A.,Success,60,ABC,N
1553,24-04-2012,Vesting1,50,TRANCH4,180000,N.A.,Success,60,ABC,N
1565,24-04-2012,Vesting1,50,TRANCH4,18000,N.A.,Success,60,ABC,N
1568,24-04-2012,Vesting1,50,TRANCH4,90000,N.A.,Success,60,ABC,O
1572,24-04-2012,Vesting1,50,TRANCH4,30000,N.A.,Success,60,ABC,O
1574,24-04-2012,Vesting1,50,TRANCH4,18000,N.A.,Success,60,ABC,N
1610,24-04-2012,Vesting1,50,TRANCH4,75000,N.A.,Success,60,ABC,O
1611,24-04-2012,Vesting1,50,TRANCH4,30000,N.A.,Success,60,ABC,N
1637,24-04-2012,Vesting1,50,TRANCH4,75000,N.A.,Success,60,ABC,O
1663,24-04-2012,Vesting1,50,TRANCH4,12000,N.A.,Success,60,ABC,N
1672,24-04-2012,Vesting1,50,TRANCH4,12000,N.A.,Success,60,ABC,N
1683,24-04-2012,Vesting1,50,TRANCH4,20000,N.A.,Success,60,ABC,N
1686,24-04-2012,Vesting1,50,TRANCH4,30000,N.A.,Success,60,ABC,N
1690,24-04-2012,Vesting1,50,TRANCH4,20000,N.A.,Success,60,ABC,O
1705,24-04-2012,Vesting1,50,TRANCH4,12000,N.A.,Success,60,ABC,N
1750,24-04-2012,Vesting1,50,TRANCH4,12000,N.A.,Success,60,ABC,O
1760,24-04-2012,Vesting1,50,TRANCH4,20000,N.A.,Success,60,ABC,O
1767,24-04-2012,Vesting1,50,TRANCH4,12000,N.A.,Success,60,ABC,N
1771,24-04-2012,Vesting1,50,TRANCH4,12000,N.A.,Success,60,ABC,O
1788,24-04-2012,Vesting1,50,TRANCH4,18000,N.A.,Success,60,ABC,N
1839,24-04-2012,Vesting1,50,TRANCH4,18000,N.A.,Success,60,ABC,N
1893,24-04-2012,Vesting1,50,TRANCH4,30000,N.A.,Success,60,ABC,O
1897,24-04-2012,Vesting1,50,TRANCH4,12000,N.A.,Success,60,ABC,N
1910,24-04-2012,Vesting1,50,TRANCH4,12000,N.A.,Success,60,ABC,O
1947,24-04-2012,Vesting1,50,TRANCH4,12000,N.A.,Success,60,ABC,N
1953,24-04-2012,Vesting1,50,TRANCH4,12000,N.A.,Success,60,ABC,O
1994,24-04-2012,Vesting1,50,TRANCH4,30000,N.A.,Success,60,ABC,N
1997,24-04-2012,Vesting1,50,TRANCH4,12000,N.A.,Success,60,ABC,N
2001,24-04-2012,Vesting1,50,TRANCH4,12000,N.A.,Success,60,ABC,O
2129,24-04-2012,Vesting1,50,TRANCH4,20000,N.A.,Success,60,ABC,O
2194,24-04-2012,Vesting1,50,TRANCH4,12000,N.A.,Success,60,ABC,N
2206,24-04-2012,Vesting1,50,TRANCH4,30000,N.A.,Success,60,ABC,N
2214,24-04-2012,Vesting1,50,TRANCH4,30000,N.A.,Success,60,ABC,N
2228,24-04-2012,Vesting1,50,TRANCH4,20000,N.A.,Success,60,ABC,O
2237,24-04-2012,Vesting1,50,TRANCH4,12000,N.A.,Success,60,ABC,O
2377,24-04-2012,Vesting1,50,TRANCH4,50000,N.A.,Success,60,ABC,N
2445,24-04-2012,Vesting1,50,TRANCH4,30000,N.A.,Success,60,ABC,N
2496,24-04-2012,Vesting1,50,TRANCH4,12000,N.A.,Success,60,ABC,O
2509,24-04-2012,Vesting1,50,TRANCH4,18000,N.A.,Success,60,ABC,N
2519,24-04-2012,Vesting1,50,TRANCH4,30000,N.A.,Success,60,ABC,N
2557,24-04-2012,Vesting1,50,TRANCH4,12000,N.A.,Success,60,ABC,O
2578,24-04-2012,Vesting1,50,TRANCH4,12000,N.A.,Success,60,ABC,O
2647,24-04-2012,Vesting1,50,TRANCH4,20000,N.A.,Success,60,ABC,N
2653,24-04-2012,Vesting1,50,TRANCH4,12000,N.A.,Success,60,ABC,N
2656,24-04-2012,Vesting1,50,TRANCH4,18000,N.A.,Success,60,ABC,N
2840,24-04-2012,Vesting1,50,TRANCH4,12000,N.A.,Success,60,ABC,O
2846,24-04-2012,Vesting1,50,TRANCH4,12000,N.A.,Success,60,ABC,N
2913,24-04-2012,Vesting1,50,TRANCH4,30000,N.A.,Success,60,ABC,O
2925,24-04-2012,Vesting1,50,TRANCH4,20000,N.A.,Success,60,ABC,N
3063,24-04-2012,Vesting1,50,TRANCH4,12000,N.A.,Success,60,ABC,O
3087,24-04-2012,Vesting1,50,TRANCH4,18000,N.A.,Success,60,ABC,N
1041,24-04-2012,Vesting1,50,TRANCH4,18000,N.A.,Success,60,ABC,N
1160,24-04-2012,Vesting1,50,TRANCH4,12000,N.A.,Success,60,ABC,N
1290,24-04-2012,Vesting1,50,TRANCH4,75000,N.A.,Success,60,ABC,O
1343,24-04-2012,Vesting1,50,TRANCH4,30000,N.A.,Success,60,ABC,O
1512,24-04-2012,Vesting1,50,TRANCH4,20000,N.A.,Success,60,ABC,O
1569,24-04-2012,Vesting1,50,TRANCH4,90000,N.A.,Success,60,ABC,N
1616,24-04-2012,Vesting1,50,TRANCH4,30000,N.A.,Success,60,ABC,N
1624,24-04-2012,Vesting1,50,TRANCH4,20000,N.A.,Success,60,ABC,N
8851,24-04-2012,Vesting1,50,TRANCH4,30000,N.A.,Success,60,ABC,O
1657,24-04-2012,Vesting1,50,TRANCH4,30000,N.A.,Success,60,ABC,N
1759,24-04-2012,Vesting1,50,TRANCH4,20000,N.A.,Success,60,ABC,O
1909,24-04-2012,Vesting1,50,TRANCH4,30000,N.A.,Success,60,ABC,O
1916,24-04-2012,Vesting1,50,TRANCH4,20000,N.A.,Success,60,ABC,O
1949,24-04-2012,Vesting1,50,TRANCH4,12000,N.A.,Success,60,ABC,N
2012,24-04-2012,Vesting1,50,TRANCH4,12000,N.A.,Success,60,ABC,N
2196,24-04-2012,Vesting1,50,TRANCH4,30000,N.A.,Success,60,ABC,N
2201,24-04-2012,Vesting1,50,TRANCH4,20000,N.A.,Success,60,ABC,O
2285,24-04-2012,Vesting1,50,TRANCH4,20000,N.A.,Success,60,ABC,N
2425,24-04-2012,Vesting1,50,TRANCH4,30000,N.A.,Success,60,ABC,O
2681,24-04-2012,Vesting1,50,TRANCH4,12000,N.A.,Success,60,ABC,O
2693,24-04-2012,Vesting1,50,TRANCH4,12000,N.A.,Success,60,ABC,N
2744,24-04-2012,Vesting1,50,TRANCH4,18000,N.A.,Success,60,ABC,O
1045,30-04-2013,Vesting1,62.5,TRANCH5,35000,N.A.,Success,60,ABC,N
1060,30-04-2013,Vesting1,62.5,TRANCH5,76000,N.A.,Success,60,ABC,O
1153,30-04-2013,Vesting1,62.5,TRANCH5,62500,N.A.,Success,60,ABC,N
1412,30-04-2013,Vesting1,62.5,TRANCH5,76000,N.A.,Success,60,ABC,O
1553,30-04-2013,Vesting1,62.5,TRANCH5,157000,N.A.,Success,60,ABC,N
1568,30-04-2013,Vesting1,62.5,TRANCH5,76000,N.A.,Success,60,ABC,O
1610,30-04-2013,Vesting1,62.5,TRANCH5,62500,N.A.,Success,60,ABC,O
1637,30-04-2013,Vesting1,62.5,TRANCH5,62500,N.A.,Success,60,ABC,O
1686,30-04-2013,Vesting1,62.5,TRANCH5,35000,N.A.,Success,60,ABC,N
1994,30-04-2013,Vesting1,62.5,TRANCH5,35000,N.A.,Success,60,ABC,N
2377,30-04-2013,Vesting1,62.5,TRANCH5,35000,N.A.,Success,60,ABC,N
2519,30-04-2013,Vesting1,62.5,TRANCH5,35000,N.A.,Success,60,ABC,N
1290,30-04-2013,Vesting1,62.5,TRANCH5,62500,N.A.,Success,60,ABC,O
1343,30-04-2013,Vesting1,62.5,TRANCH5,19000,N.A.,Success,60,ABC,O
1569,30-04-2013,Vesting1,62.5,TRANCH5,76000,N.A.,Success,60,ABC,N
8851,30-04-2013,Vesting1,62.5,TRANCH5,19000,N.A.,Success,60,ABC,O
1657,30-04-2013,Vesting1,62.5,TRANCH5,35000,N.A.,Success,60,ABC,N
1909,30-04-2013,Vesting1,62.5,TRANCH5,19000,N.A.,Success,60,ABC,O
2196,30-04-2013,Vesting1,62.5,TRANCH5,35000,N.A.,Success,60,ABC,N
2425,30-04-2013,Vesting1,62.5,TRANCH5,35000,N.A.,Success,60,ABC,O
4270,24-4-2014,Vesting1,80,TRANCH6,50000,N.A.,Success,60,ABC,N
4280,24-4-2014,Vesting1,80,TRANCH6,50000,N.A.,Success,60,ABC,O
3711,24-4-2014,Vesting1,80,TRANCH6,35000,N.A.,Success,60,ABC,N
1045,16-03-2015,Vesting1,80,TRANCH7,32000,N.A.,Success,60,ABC,N
1060,16-03-2015,Vesting1,80,TRANCH7,110000,N.A.,Success,60,ABC,O
1153,16-03-2015,Vesting1,80,TRANCH7,70000,N.A.,Success,60,ABC,N
1187,16-03-2015,Vesting1,80,TRANCH7,32000,N.A.,Success,60,ABC,N
1412,16-03-2015,Vesting1,80,TRANCH7,80000,N.A.,Success,60,ABC,O
1553,16-03-2015,Vesting1,80,TRANCH7,130000,N.A.,Success,60,ABC,N
1568,16-03-2015,Vesting1,80,TRANCH7,80000,N.A.,Success,60,ABC,O
1610,16-03-2015,Vesting1,80,TRANCH7,80000,N.A.,Success,60,ABC,O
1611,16-03-2015,Vesting1,80,TRANCH7,32000,N.A.,Success,60,ABC,N
1637,16-03-2015,Vesting1,80,TRANCH7,70000,N.A.,Success,60,ABC,O
1686,16-03-2015,Vesting1,80,TRANCH7,32000,N.A.,Success,60,ABC,N
1893,16-03-2015,Vesting1,80,TRANCH7,32000,N.A.,Success,60,ABC,O
1994,16-03-2015,Vesting1,80,TRANCH7,32000,N.A.,Success,60,ABC,N
2214,16-03-2015,Vesting1,80,TRANCH7,32000,N.A.,Success,60,ABC,N
2519,16-03-2015,Vesting1,80,TRANCH7,50000,N.A.,Success,60,ABC,N
2913,16-03-2015,Vesting1,80,TRANCH7,32000,N.A.,Success,60,ABC,O
3086,16-03-2015,Vesting1,80,TRANCH7,17000,N.A.,Success,60,ABC,N
3087,16-03-2015,Vesting1,80,TRANCH7,32000,N.A.,Success,60,ABC,N
4270,16-03-2015,Vesting1,80,TRANCH7,50000,N.A.,Success,60,ABC,N
4280,16-03-2015,Vesting1,80,TRANCH7,32000,N.A.,Success,60,ABC,O
1343,16-03-2015,Vesting1,80,TRANCH7,32000,N.A.,Success,60,ABC,O
1569,16-03-2015,Vesting1,80,TRANCH7,80000,N.A.,Success,60,ABC,N
1616,16-03-2015,Vesting1,80,TRANCH7,32000,N.A.,Success,60,ABC,N
8851,16-03-2015,Vesting1,80,TRANCH7,17000,N.A.,Success,60,ABC,O
1657,16-03-2015,Vesting1,80,TRANCH7,32000,N.A.,Success,60,ABC,N
1909,16-03-2015,Vesting1,80,TRANCH7,32000,N.A.,Success,60,ABC,O
2196,16-03-2015,Vesting1,80,TRANCH7,32000,N.A.,Success,60,ABC,N
2425,16-03-2015,Vesting1,80,TRANCH7,17000,N.A.,Success,60,ABC,O
4955,21-4-2016,Vesting1,91,TRANCH8,40000,N.A.,Success,60,ABC,O
1060,28-04-2017,Vesting1,151,TRANCH9,150000,N.A.,Success,60,ABC,O
1129,28-04-2017,Vesting1,151,TRANCH9,50000,N.A.,Success,60,ABC,N
1253,28-04-2017,Vesting1,151,TRANCH9,30000,N.A.,Success,60,ABC,N
1412,28-04-2017,Vesting1,151,TRANCH9,120000,N.A.,Success,60,ABC,O
1553,28-04-2017,Vesting1,151,TRANCH9,300000,N.A.,Success,60,ABC,N
1568,28-04-2017,Vesting1,151,TRANCH9,150000,N.A.,Success,60,ABC,O
1572,28-04-2017,Vesting1,151,TRANCH9,50000,N.A.,Success,60,ABC,O
1610,28-04-2017,Vesting1,151,TRANCH9,120000,N.A.,Success,60,ABC,O
1637,28-04-2017,Vesting1,151,TRANCH9,90000,N.A.,Success,60,ABC,O
1683,28-04-2017,Vesting1,151,TRANCH9,50000,N.A.,Success,60,ABC,N
1686,28-04-2017,Vesting1,151,TRANCH9,50000,N.A.,Success,60,ABC,N
1788,28-04-2017,Vesting1,151,TRANCH9,30000,N.A.,Success,60,ABC,N
1839,28-04-2017,Vesting1,151,TRANCH9,50000,N.A.,Success,60,ABC,N
1893,28-04-2017,Vesting1,151,TRANCH9,50000,N.A.,Success,60,ABC,O
2206,28-04-2017,Vesting1,151,TRANCH9,30000,N.A.,Success,60,ABC,N
2214,28-04-2017,Vesting1,151,TRANCH9,30000,N.A.,Success,60,ABC,N
2519,28-04-2017,Vesting1,151,TRANCH9,75000,N.A.,Success,60,ABC,N
3087,28-04-2017,Vesting1,151,TRANCH9,30000,N.A.,Success,60,ABC,N
4270,28-04-2017,Vesting1,151,TRANCH9,100000,N.A.,Success,60,ABC,N
4280,28-04-2017,Vesting1,151,TRANCH9,30000,N.A.,Success,60,ABC,O
5312,28-04-2017,Vesting1,151,TRANCH9,50000,N.A.,Success,60,ABC,N
6006,28-04-2017,Vesting1,151,TRANCH9,100000,N.A.,Success,60,ABC,O
1041,28-04-2017,Vesting1,151,TRANCH9,50000,N.A.,Success,60,ABC,N
1160,28-04-2017,Vesting1,151,TRANCH9,50000,N.A.,Success,60,ABC,N
1616,28-04-2017,Vesting1,151,TRANCH9,50000,N.A.,Success,60,ABC,N
1657,28-04-2017,Vesting1,151,TRANCH9,50000,N.A.,Success,60,ABC,N
2196,28-04-2017,Vesting1,151,TRANCH9,50000,N.A.,Success,60,ABC,N
2201,28-04-2017,Vesting1,151,TRANCH9,30000,N.A.,Success,60,ABC,O
2744,28-04-2017,Vesting1,151,TRANCH9,30000,N.A.,Success,60,ABC,O
4955,28-04-2017,Vesting1,151,TRANCH9,50000,N.A.,Success,60,ABC,O
1129,16-04-2018,Vesting1,257,TRANCH10,30000,N.A.,Success,60,ABC,N
1230,16-04-2018,Vesting1,257,TRANCH10,20000,N.A.,Success,60,ABC,N
1327,16-04-2018,Vesting1,257,TRANCH10,30000,N.A.,Success,60,ABC,N
1482,16-04-2018,Vesting1,257,TRANCH10,25000,N.A.,Success,60,ABC,N
1572,16-04-2018,Vesting1,257,TRANCH10,30000,N.A.,Success,60,ABC,O
1683,16-04-2018,Vesting1,257,TRANCH10,30000,N.A.,Success,60,ABC,N
1690,16-04-2018,Vesting1,257,TRANCH10,25000,N.A.,Success,60,ABC,O
1760,16-04-2018,Vesting1,257,TRANCH10,25000,N.A.,Success,60,ABC,O
1839,16-04-2018,Vesting1,257,TRANCH10,30000,N.A.,Success,60,ABC,N
1997,16-04-2018,Vesting1,257,TRANCH10,25000,N.A.,Success,60,ABC,N
1015,16-04-2018,Vesting1,257,TRANCH10,25000,N.A.,Success,60,ABC,N
1773,16-04-2018,Vesting1,257,TRANCH10,20000,N.A.,Success,60,ABC,O
1817,16-04-2018,Vesting1,257,TRANCH10,20000,N.A.,Success,60,ABC,N
1903,16-04-2018,Vesting1,257,TRANCH10,20000,N.A.,Success,60,ABC,N
1976,16-04-2018,Vesting1,257,TRANCH10,20000,N.A.,Success,60,ABC,O
2249,16-04-2018,Vesting1,257,TRANCH10,20000,N.A.,Success,60,ABC,N
2279,16-04-2018,Vesting1,257,TRANCH10,20000,N.A.,Success,60,ABC,O
2382,16-04-2018,Vesting1,257,TRANCH10,20000,N.A.,Success,60,ABC,N
2457,16-04-2018,Vesting1,257,TRANCH10,20000,N.A.,Success,60,ABC,O
2534,16-04-2018,Vesting1,257,TRANCH10,20000,N.A.,Success,60,ABC,N
2591,16-04-2018,Vesting1,257,TRANCH10,20000,N.A.,Success,60,ABC,N
2683,16-04-2018,Vesting1,257,TRANCH10,20000,N.A.,Success,60,ABC,O
3230,16-04-2018,Vesting1,257,TRANCH10,20000,N.A.,Success,60,ABC,N
3434,16-04-2018,Vesting1,257,TRANCH10,20000,N.A.,Success,60,ABC,O
3569,16-04-2018,Vesting1,257,TRANCH10,20000,N.A.,Success,60,ABC,N
3798,16-04-2018,Vesting1,257,TRANCH10,20000,N.A.,Success,60,ABC,O
4426,16-04-2018,Vesting1,257,TRANCH10,20000,N.A.,Success,60,ABC,N
6779,16-04-2018,Vesting1,257,TRANCH10,20000,N.A.,Success,60,ABC,N
1787,16-04-2018,Vesting1,257,TRANCH10,25000,N.A.,Success,60,ABC,O
2199,16-04-2018,Vesting1,257,TRANCH10,25000,N.A.,Success,60,ABC,N
2215,16-04-2018,Vesting1,257,TRANCH10,25000,N.A.,Success,60,ABC,O
2254,16-04-2018,Vesting1,257,TRANCH10,25000,N.A.,Success,60,ABC,N
2397,16-04-2018,Vesting1,257,TRANCH10,25000,N.A.,Success,60,ABC,O
4028,16-04-2018,Vesting1,257,TRANCH10,25000,N.A.,Success,60,ABC,N
6077,16-04-2018,Vesting1,257,TRANCH10,25000,N.A.,Success,60,ABC,N
3133,16-04-2018,Vesting1,257,TRANCH10,30000,N.A.,Success,60,ABC,O
1041,16-04-2018,Vesting1,257,TRANCH10,30000,N.A.,Success,60,ABC,N
2201,16-04-2018,Vesting1,257,TRANCH10,30000,N.A.,Success,60,ABC,O
2285,16-04-2018,Vesting1,257,TRANCH10,30000,N.A.,Success,60,ABC,N
2693,16-04-2018,Vesting1,257,TRANCH10,25000,N.A.,Success,60,ABC,N
5992,20-08-2018,Vesting1,257,TRANCH11,100000,N.A.,Success,60,ABC,N
9834,06-02-2020,Vesting1,364.4,TRANCH12,100000,N.A.,Success,60,ABC,O
9873,20-02-2020,Vesting1,364.4,TRANCH13,100000,N.A.,Success,60,ABC,N
1045,12-06-2020,Vesting1,363.8,TRANCH14,28000,N.A.,Success,60,ABC,N
1129,12-06-2020,Vesting1,363.8,TRANCH14,28000,N.A.,Success,60,ABC,N
1412,12-06-2020,Vesting1,363.8,TRANCH14,112500,N.A.,Success,60,ABC,O
1553,12-06-2020,Vesting1,363.8,TRANCH14,225000,N.A.,Success,60,ABC,N
1572,12-06-2020,Vesting1,363.8,TRANCH14,28000,N.A.,Success,60,ABC,O
1610,12-06-2020,Vesting1,363.8,TRANCH14,75000,N.A.,Success,60,ABC,O
1611,12-06-2020,Vesting1,363.8,TRANCH14,35000,N.A.,Success,60,ABC,N
1637,12-06-2020,Vesting1,363.8,TRANCH14,60000,N.A.,Success,60,ABC,O
1683,12-06-2020,Vesting1,363.8,TRANCH14,35000,N.A.,Success,60,ABC,N
1760,12-06-2020,Vesting1,363.8,TRANCH14,28000,N.A.,Success,60,ABC,O
1788,12-06-2020,Vesting1,363.8,TRANCH14,28000,N.A.,Success,60,ABC,N
1839,12-06-2020,Vesting1,363.8,TRANCH14,35000,N.A.,Success,60,ABC,N
1893,12-06-2020,Vesting1,363.8,TRANCH14,28000,N.A.,Success,60,ABC,O
1994,12-06-2020,Vesting1,363.8,TRANCH14,28000,N.A.,Success,60,ABC,N
2206,12-06-2020,Vesting1,363.8,TRANCH14,28000,N.A.,Success,60,ABC,N
2519,12-06-2020,Vesting1,363.8,TRANCH14,60000,N.A.,Success,60,ABC,N
2647,12-06-2020,Vesting1,363.8,TRANCH14,28000,N.A.,Success,60,ABC,N
3087,12-06-2020,Vesting1,363.8,TRANCH14,28000,N.A.,Success,60,ABC,N
4270,12-06-2020,Vesting1,363.8,TRANCH14,60000,N.A.,Success,60,ABC,N
4280,12-06-2020,Vesting1,363.8,TRANCH14,28000,N.A.,Success,60,ABC,O
6006,12-06-2020,Vesting1,363.8,TRANCH14,75000,N.A.,Success,60,ABC,O
2534,12-06-2020,Vesting1,363.8,TRANCH14,20000,N.A.,Success,60,ABC,N
6779,12-06-2020,Vesting1,363.8,TRANCH14,20000,N.A.,Success,60,ABC,N
1787,12-06-2020,Vesting1,363.8,TRANCH14,20000,N.A.,Success,60,ABC,O
2397,12-06-2020,Vesting1,363.8,TRANCH14,20000,N.A.,Success,60,ABC,O
4028,12-06-2020,Vesting1,363.8,TRANCH14,20000,N.A.,Success,60,ABC,N
6077,12-06-2020,Vesting1,363.8,TRANCH14,28000,N.A.,Success,60,ABC,N
5992,12-06-2020,Vesting1,363.8,TRANCH14,35000,N.A.,Success,60,ABC,N
1041,12-06-2020,Vesting1,363.8,TRANCH14,35000,N.A.,Success,60,ABC,N
1657,12-06-2020,Vesting1,363.8,TRANCH14,28000,N.A.,Success,60,ABC,N
2196,12-06-2020,Vesting1,363.8,TRANCH14,28000,N.A.,Success,60,ABC,N
4955,12-06-2020,Vesting1,363.8,TRANCH14,28000,N.A.,Success,60,ABC,O
6016,12-06-2020,Vesting1,363.8,TRANCH14,48000,N.A.,Success,60,ABC,O
10128,12-06-2020,Vesting1,363.8,TRANCH14,40000,N.A.,Success,60,ABC,N
2273,12-06-2020,Vesting1,363.8,TRANCH14,20000,N.A.,Success,60,ABC,N
5391,12-06-2020,Vesting1,363.8,TRANCH14,20000,N.A.,Success,60,ABC,O
6862,12-06-2020,Vesting1,363.8,TRANCH14,20000,N.A.,Success,60,ABC,N
8256,12-06-2020,Vesting1,363.8,TRANCH14,20000,N.A.,Success,60,ABC,O
10194,14-07-2020,Vesting1,363.8,TRANCH15,10000,N.A.,Success,60,ABC,N
10433,05-05-2021,Vesting1,536,TRANCH16,100000,N.A.,Success,60,ABC,O
1045,21-07-2021,Vesting1,536,TRANCH17,26250,N.A.,Success,60,ABC,N
1129,21-07-2021,Vesting1,536,TRANCH17,26250,N.A.,Success,60,ABC,N
1145,21-07-2021,Vesting1,536,TRANCH17,18800,N.A.,Success,60,ABC,N
1147,21-07-2021,Vesting1,536,TRANCH17,15000,N.A.,Success,60,ABC,N
1178,21-07-2021,Vesting1,536,TRANCH17,15000,N.A.,Success,60,ABC,O
1187,21-07-2021,Vesting1,536,TRANCH17,21000,N.A.,Success,60,ABC,N
1230,21-07-2021,Vesting1,536,TRANCH17,15000,N.A.,Success,60,ABC,N
1253,21-07-2021,Vesting1,536,TRANCH17,23500,N.A.,Success,60,ABC,N
1255,21-07-2021,Vesting1,536,TRANCH17,12000,N.A.,Success,60,ABC,O
1412,21-07-2021,Vesting1,536,TRANCH17,85000,N.A.,Success,60,ABC,O
1553,21-07-2021,Vesting1,536,TRANCH17,169000,N.A.,Success,60,ABC,N
1565,21-07-2021,Vesting1,536,TRANCH17,16800,N.A.,Success,60,ABC,N
1568,21-07-2021,Vesting1,536,TRANCH17,120000,N.A.,Success,60,ABC,O
1572,21-07-2021,Vesting1,536,TRANCH17,21000,N.A.,Success,60,ABC,O
1610,21-07-2021,Vesting1,536,TRANCH17,56250,N.A.,Success,60,ABC,O
1611,21-07-2021,Vesting1,536,TRANCH17,28875,N.A.,Success,60,ABC,N
1637,21-07-2021,Vesting1,536,TRANCH17,56250,N.A.,Success,60,ABC,O
1683,21-07-2021,Vesting1,536,TRANCH17,28875,N.A.,Success,60,ABC,N
1690,21-07-2021,Vesting1,536,TRANCH17,25850,N.A.,Success,60,ABC,O
1788,21-07-2021,Vesting1,536,TRANCH17,26250,N.A.,Success,60,ABC,N
1839,21-07-2021,Vesting1,536,TRANCH17,21000,N.A.,Success,60,ABC,N
1997,21-07-2021,Vesting1,536,TRANCH17,21000,N.A.,Success,60,ABC,N
2519,21-07-2021,Vesting1,536,TRANCH17,56250,N.A.,Success,60,ABC,N
2557,21-07-2021,Vesting1,536,TRANCH17,12000,N.A.,Success,60,ABC,O
2647,21-07-2021,Vesting1,536,TRANCH17,26250,N.A.,Success,60,ABC,N
4270,21-07-2021,Vesting1,536,TRANCH17,45000,N.A.,Success,60,ABC,N
4280,21-07-2021,Vesting1,536,TRANCH17,21000,N.A.,Success,60,ABC,O
1015,21-07-2021,Vesting1,536,TRANCH17,16800,N.A.,Success,60,ABC,N
6006,21-07-2021,Vesting1,536,TRANCH17,61875,N.A.,Success,60,ABC,O
1976,21-07-2021,Vesting1,536,TRANCH17,4800,N.A.,Success,60,ABC,O
2249,21-07-2021,Vesting1,536,TRANCH17,4800,N.A.,Success,60,ABC,N
2382,21-07-2021,Vesting1,536,TRANCH17,15000,N.A.,Success,60,ABC,N
2534,21-07-2021,Vesting1,536,TRANCH17,16500,N.A.,Success,60,ABC,N
2683,21-07-2021,Vesting1,536,TRANCH17,12000,N.A.,Success,60,ABC,O
3230,21-07-2021,Vesting1,536,TRANCH17,12000,N.A.,Success,60,ABC,N
3569,21-07-2021,Vesting1,536,TRANCH17,12000,N.A.,Success,60,ABC,N
4426,21-07-2021,Vesting1,536,TRANCH17,12000,N.A.,Success,60,ABC,N
6779,21-07-2021,Vesting1,536,TRANCH17,16500,N.A.,Success,60,ABC,N
1787,21-07-2021,Vesting1,536,TRANCH17,23100,N.A.,Success,60,ABC,O
2215,21-07-2021,Vesting1,536,TRANCH17,16800,N.A.,Success,60,ABC,O
2397,21-07-2021,Vesting1,536,TRANCH17,23100,N.A.,Success,60,ABC,O
4028,21-07-2021,Vesting1,536,TRANCH17,16800,N.A.,Success,60,ABC,N
6077,21-07-2021,Vesting1,536,TRANCH17,28875,N.A.,Success,60,ABC,N
3133,21-07-2021,Vesting1,536,TRANCH17,16800,N.A.,Success,60,ABC,O
5992,21-07-2021,Vesting1,536,TRANCH17,28875,N.A.,Success,60,ABC,N
1197,21-07-2021,Vesting1,536,TRANCH17,12000,N.A.,Success,60,ABC,O
1616,21-07-2021,Vesting1,536,TRANCH17,18800,N.A.,Success,60,ABC,N
1657,21-07-2021,Vesting1,536,TRANCH17,28875,N.A.,Success,60,ABC,N
2196,21-07-2021,Vesting1,536,TRANCH17,26250,N.A.,Success,60,ABC,N
2201,21-07-2021,Vesting1,536,TRANCH17,16800,N.A.,Success,60,ABC,O
4955,21-07-2021,Vesting1,536,TRANCH17,21000,N.A.,Success,60,ABC,O
9834,21-07-2021,Vesting1,536,TRANCH17,56250,N.A.,Success,60,ABC,O
6016,21-07-2021,Vesting1,536,TRANCH17,36000,N.A.,Success,60,ABC,O
10128,21-07-2021,Vesting1,536,TRANCH17,21000,N.A.,Success,60,ABC,N
2273,21-07-2021,Vesting1,536,TRANCH17,16800,N.A.,Success,60,ABC,N
5391,21-07-2021,Vesting1,536,TRANCH17,21000,N.A.,Success,60,ABC,O
8256,21-07-2021,Vesting1,536,TRANCH17,16500,N.A.,Success,60,ABC,O
10194,21-07-2021,Vesting1,536,TRANCH17,16800,N.A.,Success,60,ABC,N
10433,21-07-2021,Vesting1,536,TRANCH17,45000,N.A.,Success,60,ABC,O
7608,21-07-2021,Vesting1,536,TRANCH17,3200,N.A.,Success,60,ABC,N
5562,21-07-2021,Vesting1,536,TRANCH17,6000,N.A.,Success,60,ABC,N
12820,21-07-2021,Vesting1,536,TRANCH17,4000,N.A.,Success,60,ABC,O
9507,21-07-2021,Vesting1,536,TRANCH17,15000,N.A.,Success,60,ABC,N
4939,21-07-2021,Vesting1,536,TRANCH17,3200,N.A.,Success,60,ABC,O
3319,21-07-2021,Vesting1,536,TRANCH17,6000,N.A.,Success,60,ABC,N
9776,21-07-2021,Vesting1,536,TRANCH17,23500,N.A.,Success,60,ABC,O
13173,21-07-2021,Vesting1,536,TRANCH17,3200,N.A.,Success,60,ABC,N
2019,21-07-2021,Vesting1,536,TRANCH17,12000,N.A.,Success,60,ABC,N
13048,21-07-2021,Vesting1,536,TRANCH17,4800,N.A.,Success,60,ABC,O
6095,21-07-2021,Vesting1,536,TRANCH17,4800,N.A.,Success,60,ABC,N
7630,21-07-2021,Vesting1,536,TRANCH17,3200,N.A.,Success,60,ABC,O
5982,21-07-2021,Vesting1,536,TRANCH17,3200,N.A.,Success,60,ABC,N
6097,21-07-2021,Vesting1,536,TRANCH17,4000,N.A.,Success,60,ABC,O
4515,21-07-2021,Vesting1,536,TRANCH17,4000,N.A.,Success,60,ABC,N
10643,21-07-2021,Vesting1,536,TRANCH17,4800,N.A.,Success,60,ABC,N
4469,21-07-2021,Vesting1,536,TRANCH17,4000,N.A.,Success,60,ABC,O
3561,21-07-2021,Vesting1,536,TRANCH17,4800,N.A.,Success,60,ABC,N
3044,21-07-2021,Vesting1,536,TRANCH17,4800,N.A.,Success,60,ABC,O
2256,21-07-2021,Vesting1,536,TRANCH17,3200,N.A.,Success,60,ABC,N
13485,21-07-2021,Vesting1,536,TRANCH17,3200,N.A.,Success,60,ABC,O
7474,21-07-2021,Vesting1,536,TRANCH17,3200,N.A.,Success,60,ABC,N
3368,21-07-2021,Vesting1,536,TRANCH17,12000,N.A.,Success,60,ABC,N
3348,21-07-2021,Vesting1,536,TRANCH17,6000,N.A.,Success,60,ABC,O
12993,21-07-2021,Vesting1,536,TRANCH17,6000,N.A.,Success,60,ABC,O
12958,21-07-2021,Vesting1,536,TRANCH17,3200,N.A.,Success,60,ABC,N
12878,21-07-2021,Vesting1,536,TRANCH17,3200,N.A.,Success,60,ABC,O
7276,21-07-2021,Vesting1,536,TRANCH17,3200,N.A.,Success,60,ABC,N
13007,21-07-2021,Vesting1,536,TRANCH17,15000,N.A.,Success,60,ABC,N
2984,21-07-2021,Vesting1,536,TRANCH17,3200,N.A.,Success,60,ABC,O
11168,21-07-2021,Vesting1,536,TRANCH17,3200,N.A.,Success,60,ABC,N
2510,21-07-2021,Vesting1,536,TRANCH17,3200,N.A.,Success,60,ABC,N
5490,21-07-2021,Vesting1,536,TRANCH17,4800,N.A.,Success,60,ABC,O
4898,21-07-2021,Vesting1,536,TRANCH17,4800,N.A.,Success,60,ABC,N
6506,21-07-2021,Vesting1,536,TRANCH17,12000,N.A.,Success,60,ABC,O
5894,21-07-2021,Vesting1,536,TRANCH17,6000,N.A.,Success,60,ABC,N
2441,21-07-2021,Vesting1,536,TRANCH17,4800,N.A.,Success,60,ABC,O
7803,21-07-2021,Vesting1,536,TRANCH17,6000,N.A.,Success,60,ABC,N
2800,21-07-2021,Vesting1,536,TRANCH17,4800,N.A.,Success,60,ABC,N
4043,21-07-2021,Vesting1,536,TRANCH17,3200,N.A.,Success,60,ABC,O
10214,21-07-2021,Vesting1,536,TRANCH17,28875,N.A.,Success,60,ABC,N
2949,21-07-2021,Vesting1,536,TRANCH17,4800,N.A.,Success,60,ABC,O
1450,21-07-2021,Vesting1,536,TRANCH17,3200,N.A.,Success,60,ABC,N
7099,21-07-2021,Vesting1,536,TRANCH17,3200,N.A.,Success,60,ABC,O
7786,21-07-2021,Vesting1,536,TRANCH17,12000,N.A.,Success,60,ABC,N
10613,21-07-2021,Vesting1,536,TRANCH17,4800,N.A.,Success,60,ABC,N
7603,21-07-2021,Vesting1,536,TRANCH17,3200,N.A.,Success,60,ABC,O
8047,21-07-2021,Vesting1,536,TRANCH17,3200,N.A.,Success,60,ABC,N
3763,21-07-2021,Vesting1,536,TRANCH17,12000,N.A.,Success,60,ABC,O
5192,21-07-2021,Vesting1,536,TRANCH17,6000,N.A.,Success,60,ABC,N
13234,21-07-2021,Vesting1,536,TRANCH17,3200,N.A.,Success,60,ABC,O
1687,21-07-2021,Vesting1,536,TRANCH17,21000,N.A.,Success,60,ABC,N
13351,21-07-2021,Vesting1,536,TRANCH17,3200,N.A.,Success,60,ABC,N
8330,21-07-2021,Vesting1,536,TRANCH17,12000,N.A.,Success,60,ABC,O
1638,21-07-2021,Vesting1,536,TRANCH17,6000,N.A.,Success,60,ABC,N
2227,21-07-2021,Vesting1,536,TRANCH17,4800,N.A.,Success,60,ABC,O
7082,21-07-2021,Vesting1,536,TRANCH17,3200,N.A.,Success,60,ABC,N
2283,21-07-2021,Vesting1,536,TRANCH17,4800,N.A.,Success,60,ABC,O
6199,21-07-2021,Vesting1,536,TRANCH17,4000,N.A.,Success,60,ABC,N
2930,21-07-2021,Vesting1,536,TRANCH17,6000,N.A.,Success,60,ABC,N
12982,21-07-2021,Vesting1,536,TRANCH17,3200,N.A.,Success,60,ABC,O
5954,21-07-2021,Vesting1,536,TRANCH17,4000,N.A.,Success,60,ABC,N
2551,21-07-2021,Vesting1,536,TRANCH17,3200,N.A.,Success,60,ABC,O
5986,21-07-2021,Vesting1,536,TRANCH17,6000,N.A.,Success,60,ABC,N
5549,21-07-2021,Vesting1,536,TRANCH17,4800,N.A.,Success,60,ABC,O
7994,21-07-2021,Vesting1,536,TRANCH17,6000,N.A.,Success,60,ABC,N
12796,21-07-2021,Vesting1,536,TRANCH17,12000,N.A.,Success,60,ABC,O
10892,21-07-2021,Vesting1,536,TRANCH17,4000,N.A.,Success,60,ABC,N
3796,21-07-2021,Vesting1,536,TRANCH17,3200,N.A.,Success,60,ABC,O
1575,21-07-2021,Vesting1,536,TRANCH17,3200,N.A.,Success,60,ABC,N
5127,21-07-2021,Vesting1,536,TRANCH17,3200,N.A.,Success,60,ABC,O
3391,21-07-2021,Vesting1,536,TRANCH17,4800,N.A.,Success,60,ABC,N
4307,21-07-2021,Vesting1,536,TRANCH17,4000,N.A.,Success,60,ABC,O
3121,21-07-2021,Vesting1,536,TRANCH17,4800,N.A.,Success,60,ABC,N
10610,21-07-2021,Vesting1,536,TRANCH17,18800,N.A.,Success,60,ABC,O
2436,21-07-2021,Vesting1,536,TRANCH17,4800,N.A.,Success,60,ABC,N
2637,21-07-2021,Vesting1,536,TRANCH17,4000,N.A.,Success,60,ABC,O
3810,21-07-2021,Vesting1,536,TRANCH17,4800,N.A.,Success,60,ABC,N
3042,21-07-2021,Vesting1,536,TRANCH17,4800,N.A.,Success,60,ABC,O
10642,21-07-2021,Vesting1,536,TRANCH17,4800,N.A.,Success,60,ABC,N
1622,21-07-2021,Vesting1,536,TRANCH17,4800,N.A.,Success,60,ABC,O
4435,21-07-2021,Vesting1,536,TRANCH17,6000,N.A.,Success,60,ABC,N
2699,21-07-2021,Vesting1,536,TRANCH17,6000,N.A.,Success,60,ABC,N
5513,21-07-2021,Vesting1,536,TRANCH17,6000,N.A.,Success,60,ABC,O
13028,21-07-2021,Vesting1,536,TRANCH17,4800,N.A.,Success,60,ABC,N
8158,21-07-2021,Vesting1,536,TRANCH17,3200,N.A.,Success,60,ABC,N
6867,21-07-2021,Vesting1,536,TRANCH17,15000,N.A.,Success,60,ABC,O
3076,21-07-2021,Vesting1,536,TRANCH17,4800,N.A.,Success,60,ABC,N
13474,21-07-2021,Vesting1,536,TRANCH17,4800,N.A.,Success,60,ABC,O
4020,21-07-2021,Vesting1,536,TRANCH17,6000,N.A.,Success,60,ABC,N
5079,21-07-2021,Vesting1,536,TRANCH17,3200,N.A.,Success,60,ABC,N
4599,21-07-2021,Vesting1,536,TRANCH17,4800,N.A.,Success,60,ABC,O
4310,21-07-2021,Vesting1,536,TRANCH17,3200,N.A.,Success,60,ABC,N
3360,21-07-2021,Vesting1,536,TRANCH17,4800,N.A.,Success,60,ABC,O
9861,21-07-2021,Vesting1,536,TRANCH17,26250,N.A.,Success,60,ABC,N
3519,21-07-2021,Vesting1,536,TRANCH17,4800,N.A.,Success,60,ABC,O
4495,21-07-2021,Vesting1,536,TRANCH17,4800,N.A.,Success,60,ABC,N
2662,21-07-2021,Vesting1,536,TRANCH17,3200,N.A.,Success,60,ABC,N
8979,21-07-2021,Vesting1,536,TRANCH17,21000,N.A.,Success,60,ABC,O
3266,21-07-2021,Vesting1,536,TRANCH17,12000,N.A.,Success,60,ABC,N
7905,21-07-2021,Vesting1,536,TRANCH17,3200,N.A.,Success,60,ABC,O
4479,21-07-2021,Vesting1,536,TRANCH17,12000,N.A.,Success,60,ABC,N
8283,21-07-2021,Vesting1,536,TRANCH17,3200,N.A.,Success,60,ABC,O
12944,21-07-2021,Vesting1,536,TRANCH17,15000,N.A.,Success,60,ABC,O
6513,21-07-2021,Vesting1,536,TRANCH17,4000,N.A.,Success,60,ABC,N
7487,21-07-2021,Vesting1,536,TRANCH17,6000,N.A.,Success,60,ABC,N
5911,21-07-2021,Vesting1,536,TRANCH17,4800,N.A.,Success,60,ABC,O
7153,21-07-2021,Vesting1,536,TRANCH17,4800,N.A.,Success,60,ABC,N
7054,21-07-2021,Vesting1,536,TRANCH17,3200,N.A.,Success,60,ABC,O
7919,21-07-2021,Vesting1,536,TRANCH17,3200,N.A.,Success,60,ABC,N
4818,21-07-2021,Vesting1,536,TRANCH17,4800,N.A.,Success,60,ABC,O
7594,21-07-2021,Vesting1,536,TRANCH17,4800,N.A.,Success,60,ABC,N
8797,21-07-2021,Vesting1,536,TRANCH17,16800,N.A.,Success,60,ABC,N
1698,21-07-2021,Vesting1,536,TRANCH17,4000,N.A.,Success,60,ABC,O
5232,21-07-2021,Vesting1,536,TRANCH17,3200,N.A.,Success,60,ABC,N
10213,21-07-2021,Vesting1,536,TRANCH17,12000,N.A.,Success,60,ABC,O
2208,21-07-2021,Vesting1,536,TRANCH17,4800,N.A.,Success,60,ABC,N
4932,21-07-2021,Vesting1,536,TRANCH17,3200,N.A.,Success,60,ABC,O
10647,21-07-2021,Vesting1,536,TRANCH17,4000,N.A.,Success,60,ABC,N
7702,21-07-2021,Vesting1,536,TRANCH17,3200,N.A.,Success,60,ABC,N
2576,21-07-2021,Vesting1,536,TRANCH17,4800,N.A.,Success,60,ABC,O
2221,21-07-2021,Vesting1,536,TRANCH17,3200,N.A.,Success,60,ABC,N
2757,21-07-2021,Vesting1,536,TRANCH17,6000,N.A.,Success,60,ABC,O
3285,21-07-2021,Vesting1,536,TRANCH17,15000,N.A.,Success,60,ABC,N
2696,21-07-2021,Vesting1,536,TRANCH17,4800,N.A.,Success,60,ABC,O
10989,21-07-2021,Vesting1,536,TRANCH17,4000,N.A.,Success,60,ABC,N
1443,21-07-2021,Vesting1,536,TRANCH17,3200,N.A.,Success,60,ABC,N
3840,21-07-2021,Vesting1,536,TRANCH17,3200,N.A.,Success,60,ABC,O
1446,21-07-2021,Vesting1,536,TRANCH17,4800,N.A.,Success,60,ABC,N
4126,21-07-2021,Vesting1,536,TRANCH17,3200,N.A.,Success,60,ABC,O
7852,21-07-2021,Vesting1,536,TRANCH17,4000,N.A.,Success,60,ABC,N
8141,21-07-2021,Vesting1,536,TRANCH17,6000,N.A.,Success,60,ABC,O
13682,21-07-2021,Vesting1,536,TRANCH17,3200,N.A.,Success,60,ABC,N
6148,21-07-2021,Vesting1,536,TRANCH17,3200,N.A.,Success,60,ABC,N
4266,21-07-2021,Vesting1,536,TRANCH17,4000,N.A.,Success,60,ABC,O
2595,21-07-2021,Vesting1,536,TRANCH17,3200,N.A.,Success,60,ABC,N
13519,21-07-2021,Vesting1,536,TRANCH17,6000,N.A.,Success,60,ABC,O
3698,21-07-2021,Vesting1,536,TRANCH17,3200,N.A.,Success,60,ABC,N
10745,21-07-2021,Vesting1,536,TRANCH17,3200,N.A.,Success,60,ABC,O
4987,21-07-2021,Vesting1,536,TRANCH17,12000,N.A.,Success,60,ABC,N
4538,21-07-2021,Vesting1,536,TRANCH17,3200,N.A.,Success,60,ABC,N
8234,21-07-2021,Vesting1,536,TRANCH17,4000,N.A.,Success,60,ABC,O
8241,21-07-2021,Vesting1,536,TRANCH17,4800,N.A.,Success,60,ABC,N
2240,21-07-2021,Vesting1,536,TRANCH17,4800,N.A.,Success,60,ABC,O
7061,21-07-2021,Vesting1,536,TRANCH17,3200,N.A.,Success,60,ABC,N
13273,21-07-2021,Vesting1,536,TRANCH17,6000,N.A.,Success,60,ABC,O
4295,21-07-2021,Vesting1,536,TRANCH17,3200,N.A.,Success,60,ABC,N
7667,21-07-2021,Vesting1,536,TRANCH17,3200,N.A.,Success,60,ABC,N
13161,21-07-2021,Vesting1,536,TRANCH17,3200,N.A.,Success,60,ABC,O
1833,21-07-2021,Vesting1,536,TRANCH17,4800,N.A.,Success,60,ABC,N
5743,21-07-2021,Vesting1,536,TRANCH17,3200,N.A.,Success,60,ABC,O
2904,21-07-2021,Vesting1,536,TRANCH17,4000,N.A.,Success,60,ABC,N
3289,21-07-2021,Vesting1,536,TRANCH17,4800,N.A.,Success,60,ABC,O
13739,21-07-2021,Vesting1,536,TRANCH17,3200,N.A.,Success,60,ABC,N
3577,21-07-2021,Vesting1,536,TRANCH17,4800,N.A.,Success,60,ABC,N
6213,21-07-2021,Vesting1,536,TRANCH17,3200,N.A.,Success,60,ABC,O
10781,21-07-2021,Vesting1,536,TRANCH17,3200,N.A.,Success,60,ABC,N
1354,21-07-2021,Vesting1,536,TRANCH17,3200,N.A.,Success,60,ABC,O
3497,21-07-2021,Vesting1,536,TRANCH17,4800,N.A.,Success,60,ABC,N
3389,21-07-2021,Vesting1,536,TRANCH17,6000,N.A.,Success,60,ABC,O
1233,21-07-2021,Vesting1,536,TRANCH17,15000,N.A.,Success,60,ABC,N
4345,21-07-2021,Vesting1,536,TRANCH17,3200,N.A.,Success,60,ABC,N
6836,21-07-2021,Vesting1,536,TRANCH17,15000,N.A.,Success,60,ABC,O
5708,21-07-2021,Vesting1,536,TRANCH17,3200,N.A.,Success,60,ABC,N
4835,21-07-2021,Vesting1,536,TRANCH17,4800,N.A.,Success,60,ABC,O
2112,21-07-2021,Vesting1,536,TRANCH17,12000,N.A.,Success,60,ABC,N
3358,21-07-2021,Vesting1,536,TRANCH17,3200,N.A.,Success,60,ABC,O
2856,21-07-2021,Vesting1,536,TRANCH17,3200,N.A.,Success,60,ABC,N
7500,21-07-2021,Vesting1,536,TRANCH17,3200,N.A.,Success,60,ABC,N
4574,21-07-2021,Vesting1,536,TRANCH17,3200,N.A.,Success,60,ABC,O
6904,21-07-2021,Vesting1,536,TRANCH17,4800,N.A.,Success,60,ABC,N
10627,21-07-2021,Vesting1,536,TRANCH17,6000,N.A.,Success,60,ABC,N
2253,21-07-2021,Vesting1,536,TRANCH17,4000,N.A.,Success,60,ABC,O
2830,21-07-2021,Vesting1,536,TRANCH17,4000,N.A.,Success,60,ABC,N
12872,21-07-2021,Vesting1,536,TRANCH17,3200,N.A.,Success,60,ABC,O
10626,21-07-2021,Vesting1,536,TRANCH17,4800,N.A.,Success,60,ABC,N
2140,21-07-2021,Vesting1,536,TRANCH17,4000,N.A.,Success,60,ABC,N
7856,21-07-2021,Vesting1,536,TRANCH17,3200,N.A.,Success,60,ABC,N
3006,21-07-2021,Vesting1,536,TRANCH17,4800,N.A.,Success,60,ABC,O
2676,21-07-2021,Vesting1,536,TRANCH17,4000,N.A.,Success,60,ABC,N
2084,21-07-2021,Vesting1,536,TRANCH17,6000,N.A.,Success,60,ABC,O
1484,21-07-2021,Vesting1,536,TRANCH17,6000,N.A.,Success,60,ABC,N
7967,21-07-2021,Vesting1,536,TRANCH17,4800,N.A.,Success,60,ABC,O
4999,21-07-2021,Vesting1,536,TRANCH17,3200,N.A.,Success,60,ABC,N
2328,21-07-2021,Vesting1,536,TRANCH17,4800,N.A.,Success,60,ABC,N
2428,21-07-2021,Vesting1,536,TRANCH17,4800,N.A.,Success,60,ABC,O
7458,21-07-2021,Vesting1,536,TRANCH17,4000,N.A.,Success,60,ABC,N
1662,21-07-2021,Vesting1,536,TRANCH17,23100,N.A.,Success,60,ABC,O
9859,21-07-2021,Vesting1,536,TRANCH17,16800,N.A.,Success,60,ABC,N
3398,21-07-2021,Vesting1,536,TRANCH17,15000,N.A.,Success,60,ABC,O
2284,21-07-2021,Vesting1,536,TRANCH17,6000,N.A.,Success,60,ABC,N
2113,21-07-2021,Vesting1,536,TRANCH17,3200,N.A.,Success,60,ABC,N
11207,21-07-2021,Vesting1,536,TRANCH17,4800,N.A.,Success,60,ABC,O
6015,21-07-2021,Vesting1,536,TRANCH17,21000,N.A.,Success,60,ABC,N
1777,21-07-2021,Vesting1,536,TRANCH17,12000,N.A.,Success,60,ABC,O
8168,21-07-2021,Vesting1,536,TRANCH17,6000,N.A.,Success,60,ABC,N
5725,21-07-2021,Vesting1,536,TRANCH17,4800,N.A.,Success,60,ABC,O
6545,21-07-2021,Vesting1,536,TRANCH17,4000,N.A.,Success,60,ABC,N
13469,21-07-2021,Vesting1,536,TRANCH17,3200,N.A.,Success,60,ABC,N
5128,21-07-2021,Vesting1,536,TRANCH17,3200,N.A.,Success,60,ABC,O
6433,21-07-2021,Vesting1,536,TRANCH17,3200,N.A.,Success,60,ABC,N
4328,21-07-2021,Vesting1,536,TRANCH17,4800,N.A.,Success,60,ABC,O
12818,21-07-2021,Vesting1,536,TRANCH17,21000,N.A.,Success,60,ABC,N
4635,21-07-2021,Vesting1,536,TRANCH17,3200,N.A.,Success,60,ABC,O
10603,21-07-2021,Vesting1,536,TRANCH17,21000,N.A.,Success,60,ABC,N
6517,21-07-2021,Vesting1,536,TRANCH17,3200,N.A.,Success,60,ABC,N
11171,21-07-2021,Vesting1,536,TRANCH17,15000,N.A.,Success,60,ABC,N
10712,21-07-2021,Vesting1,536,TRANCH17,3200,N.A.,Success,60,ABC,O
2531,21-07-2021,Vesting1,536,TRANCH17,3200,N.A.,Success,60,ABC,N
7189,21-07-2021,Vesting1,536,TRANCH17,3200,N.A.,Success,60,ABC,O
7003,21-07-2021,Vesting1,536,TRANCH17,4800,N.A.,Success,60,ABC,N
1639,21-07-2021,Vesting1,536,TRANCH17,4800,N.A.,Success,60,ABC,O
4860,21-07-2021,Vesting1,536,TRANCH17,6000,N.A.,Success,60,ABC,N
6197,21-07-2021,Vesting1,536,TRANCH17,4800,N.A.,Success,60,ABC,N
5495,21-07-2021,Vesting1,536,TRANCH17,4800,N.A.,Success,60,ABC,O
7642,21-07-2021,Vesting1,536,TRANCH17,3200,N.A.,Success,60,ABC,N
4058,21-07-2021,Vesting1,536,TRANCH17,4800,N.A.,Success,60,ABC,O
10789,21-07-2021,Vesting1,536,TRANCH17,4000,N.A.,Success,60,ABC,N
4610,21-07-2021,Vesting1,536,TRANCH17,4800,N.A.,Success,60,ABC,O
3950,21-07-2021,Vesting1,536,TRANCH17,4000,N.A.,Success,60,ABC,N
4746,21-07-2021,Vesting1,536,TRANCH17,4000,N.A.,Success,60,ABC,N
5122,21-07-2021,Vesting1,536,TRANCH17,3200,N.A.,Success,60,ABC,O
5739,21-07-2021,Vesting1,536,TRANCH17,3200,N.A.,Success,60,ABC,N
10830,21-07-2021,Vesting1,536,TRANCH17,3200,N.A.,Success,60,ABC,O
2429,21-07-2021,Vesting1,536,TRANCH17,3200,N.A.,Success,60,ABC,N
2278,21-07-2021,Vesting1,536,TRANCH17,4000,N.A.,Success,60,ABC,O
6020,21-07-2021,Vesting1,536,TRANCH17,4800,N.A.,Success,60,ABC,N
3913,21-07-2021,Vesting1,536,TRANCH17,3200,N.A.,Success,60,ABC,N
3596,21-07-2021,Vesting1,536,TRANCH17,4800,N.A.,Success,60,ABC,O
2423,21-07-2021,Vesting1,536,TRANCH17,21000,N.A.,Success,60,ABC,N
13280,21-07-2021,Vesting1,536,TRANCH17,12000,N.A.,Success,60,ABC,N
2542,21-07-2021,Vesting1,536,TRANCH17,6000,N.A.,Success,60,ABC,O
2395,21-07-2021,Vesting1,536,TRANCH17,4800,N.A.,Success,60,ABC,N
7470,21-07-2021,Vesting1,536,TRANCH17,3200,N.A.,Success,60,ABC,O
2834,21-07-2021,Vesting1,536,TRANCH17,6000,N.A.,Success,60,ABC,N
3578,21-07-2021,Vesting1,536,TRANCH17,6000,N.A.,Success,60,ABC,N
12596,21-07-2021,Vesting1,536,TRANCH17,12000,N.A.,Success,60,ABC,O
2501,21-07-2021,Vesting1,536,TRANCH17,4000,N.A.,Success,60,ABC,N
2853,21-07-2021,Vesting1,536,TRANCH17,4800,N.A.,Success,60,ABC,O
5742,21-07-2021,Vesting1,536,TRANCH17,4800,N.A.,Success,60,ABC,N
6034,21-07-2021,Vesting1,536,TRANCH17,12000,N.A.,Success,60,ABC,O
5319,21-07-2021,Vesting1,536,TRANCH17,12000,N.A.,Success,60,ABC,N
10215,21-07-2021,Vesting1,536,TRANCH17,21000,N.A.,Success,60,ABC,N
4657,21-07-2021,Vesting1,536,TRANCH17,4000,N.A.,Success,60,ABC,O
4573,21-07-2021,Vesting1,536,TRANCH17,6000,N.A.,Success,60,ABC,N
3633,21-07-2021,Vesting1,536,TRANCH17,4000,N.A.,Success,60,ABC,O
6050,21-07-2021,Vesting1,536,TRANCH17,3200,N.A.,Success,60,ABC,N
2955,21-07-2021,Vesting1,536,TRANCH17,4800,N.A.,Success,60,ABC,O
3199,21-07-2021,Vesting1,536,TRANCH17,3200,N.A.,Success,60,ABC,N
10704,21-07-2021,Vesting1,536,TRANCH17,4800,N.A.,Success,60,ABC,N
7695,21-07-2021,Vesting1,536,TRANCH17,4800,N.A.,Success,60,ABC,O
3891,21-07-2021,Vesting1,536,TRANCH17,3200,N.A.,Success,60,ABC,N
4779,21-07-2021,Vesting1,536,TRANCH17,12000,N.A.,Success,60,ABC,O
5461,21-07-2021,Vesting1,536,TRANCH17,4000,N.A.,Success,60,ABC,N
10618,21-07-2021,Vesting1,536,TRANCH17,3200,N.A.,Success,60,ABC,O
3954,21-07-2021,Vesting1,536,TRANCH17,3200,N.A.,Success,60,ABC,N
7087,21-07-2021,Vesting1,536,TRANCH17,3200,N.A.,Success,60,ABC,N
4500,21-07-2021,Vesting1,536,TRANCH17,4800,N.A.,Success,60,ABC,O
6897,21-07-2021,Vesting1,536,TRANCH17,4000,N.A.,Success,60,ABC,N
3839,21-07-2021,Vesting1,536,TRANCH17,4800,N.A.,Success,60,ABC,O
7679,21-07-2021,Vesting1,536,TRANCH17,6000,N.A.,Success,60,ABC,N
10755,21-07-2021,Vesting1,536,TRANCH17,4800,N.A.,Success,60,ABC,O
5479,21-07-2021,Vesting1,536,TRANCH17,3200,N.A.,Success,60,ABC,N
6030,21-07-2021,Vesting1,536,TRANCH17,12000,N.A.,Success,60,ABC,N
1825,21-07-2021,Vesting1,536,TRANCH17,6000,N.A.,Success,60,ABC,O
3247,21-07-2021,Vesting1,536,TRANCH17,4800,N.A.,Success,60,ABC,N
2658,21-07-2021,Vesting1,536,TRANCH17,3200,N.A.,Success,60,ABC,O
2659,21-07-2021,Vesting1,536,TRANCH17,3200,N.A.,Success,60,ABC,N
2526,21-07-2021,Vesting1,536,TRANCH17,4000,N.A.,Success,60,ABC,O
3805,21-07-2021,Vesting1,536,TRANCH17,4800,N.A.,Success,60,ABC,N
12953,21-07-2021,Vesting1,536,TRANCH17,3200,N.A.,Success,60,ABC,N
2275,21-07-2021,Vesting1,536,TRANCH17,3200,N.A.,Success,60,ABC,O
8073,21-07-2021,Vesting1,536,TRANCH17,3200,N.A.,Success,60,ABC,N
10614,21-07-2021,Vesting1,536,TRANCH17,4800,N.A.,Success,60,ABC,O
10605,21-07-2021,Vesting1,536,TRANCH17,4800,N.A.,Success,60,ABC,N
10419,21-07-2021,Vesting1,536,TRANCH17,36000,N.A.,Success,60,ABC,O
1045,25-04-2022,Vesting1,536,TRANCH18,11800,N.A.,Success,60,ABC,N
1048,25-04-2022,Vesting1,536,TRANCH18,7600,N.A.,Success,60,ABC,N
1129,25-04-2022,Vesting1,536,TRANCH18,11800,N.A.,Success,60,ABC,N
1145,25-04-2022,Vesting1,536,TRANCH18,11800,N.A.,Success,60,ABC,N
1178,25-04-2022,Vesting1,536,TRANCH18,6750,N.A.,Success,60,ABC,O
1230,25-04-2022,Vesting1,536,TRANCH18,6750,N.A.,Success,60,ABC,N
1247,25-04-2022,Vesting1,536,TRANCH18,2160,N.A.,Success,60,ABC,N
1253,25-04-2022,Vesting1,536,TRANCH18,8400,N.A.,Success,60,ABC,N
1482,25-04-2022,Vesting1,536,TRANCH18,7600,N.A.,Success,60,ABC,N
1572,25-04-2022,Vesting1,536,TRANCH18,9440,N.A.,Success,60,ABC,O
1611,25-04-2022,Vesting1,536,TRANCH18,11800,N.A.,Success,60,ABC,N
1637,25-04-2022,Vesting1,536,TRANCH18,20240,N.A.,Success,60,ABC,O
1683,25-04-2022,Vesting1,536,TRANCH18,11800,N.A.,Success,60,ABC,N
1686,25-04-2022,Vesting1,536,TRANCH18,9440,N.A.,Success,60,ABC,N
1690,25-04-2022,Vesting1,536,TRANCH18,10500,N.A.,Success,60,ABC,O
1788,25-04-2022,Vesting1,536,TRANCH18,11800,N.A.,Success,60,ABC,N
1839,25-04-2022,Vesting1,536,TRANCH18,11800,N.A.,Success,60,ABC,N
1997,25-04-2022,Vesting1,536,TRANCH18,7600,N.A.,Success,60,ABC,N
2519,25-04-2022,Vesting1,536,TRANCH18,25300,N.A.,Success,60,ABC,N
2647,25-04-2022,Vesting1,536,TRANCH18,11800,N.A.,Success,60,ABC,N
2653,25-04-2022,Vesting1,536,TRANCH18,5400,N.A.,Success,60,ABC,N
2925,25-04-2022,Vesting1,536,TRANCH18,9500,N.A.,Success,60,ABC,N
4280,25-04-2022,Vesting1,536,TRANCH18,11800,N.A.,Success,60,ABC,O
1015,25-04-2022,Vesting1,536,TRANCH18,7600,N.A.,Success,60,ABC,N
6006,25-04-2022,Vesting1,536,TRANCH18,25300,N.A.,Success,60,ABC,O
1773,25-04-2022,Vesting1,536,TRANCH18,5400,N.A.,Success,60,ABC,O
1976,25-04-2022,Vesting1,536,TRANCH18,2160,N.A.,Success,60,ABC,O
2382,25-04-2022,Vesting1,536,TRANCH18,5400,N.A.,Success,60,ABC,N
2534,25-04-2022,Vesting1,536,TRANCH18,9500,N.A.,Success,60,ABC,N
2683,25-04-2022,Vesting1,536,TRANCH18,7600,N.A.,Success,60,ABC,O
3569,25-04-2022,Vesting1,536,TRANCH18,9500,N.A.,Success,60,ABC,N
4426,25-04-2022,Vesting1,536,TRANCH18,5400,N.A.,Success,60,ABC,N
6779,25-04-2022,Vesting1,536,TRANCH18,9500,N.A.,Success,60,ABC,N
1787,25-04-2022,Vesting1,536,TRANCH18,10500,N.A.,Success,60,ABC,O
2199,25-04-2022,Vesting1,536,TRANCH18,9500,N.A.,Success,60,ABC,N
2215,25-04-2022,Vesting1,536,TRANCH18,7600,N.A.,Success,60,ABC,O
2254,25-04-2022,Vesting1,536,TRANCH18,5400,N.A.,Success,60,ABC,N
2397,25-04-2022,Vesting1,536,TRANCH18,9500,N.A.,Success,60,ABC,O
4028,25-04-2022,Vesting1,536,TRANCH18,9500,N.A.,Success,60,ABC,N
6077,25-04-2022,Vesting1,536,TRANCH18,11800,N.A.,Success,60,ABC,N
3133,25-04-2022,Vesting1,536,TRANCH18,8400,N.A.,Success,60,ABC,O
5992,25-04-2022,Vesting1,536,TRANCH18,20250,N.A.,Success,60,ABC,N
1081,25-04-2022,Vesting1,536,TRANCH18,2160,N.A.,Success,60,ABC,O
1197,25-04-2022,Vesting1,536,TRANCH18,5400,N.A.,Success,60,ABC,O
1616,25-04-2022,Vesting1,536,TRANCH18,8400,N.A.,Success,60,ABC,N
1657,25-04-2022,Vesting1,536,TRANCH18,9440,N.A.,Success,60,ABC,N
2196,25-04-2022,Vesting1,536,TRANCH18,20250,N.A.,Success,60,ABC,N
2201,25-04-2022,Vesting1,536,TRANCH18,8400,N.A.,Success,60,ABC,O
2285,25-04-2022,Vesting1,536,TRANCH18,8400,N.A.,Success,60,ABC,N
4955,25-04-2022,Vesting1,536,TRANCH18,20250,N.A.,Success,60,ABC,O
9834,25-04-2022,Vesting1,536,TRANCH18,25300,N.A.,Success,60,ABC,O
6016,25-04-2022,Vesting1,536,TRANCH18,16200,N.A.,Success,60,ABC,O
10128,25-04-2022,Vesting1,536,TRANCH18,9440,N.A.,Success,60,ABC,N
2273,25-04-2022,Vesting1,536,TRANCH18,7600,N.A.,Success,60,ABC,N
5391,25-04-2022,Vesting1,536,TRANCH18,9500,N.A.,Success,60,ABC,O
8256,25-04-2022,Vesting1,536,TRANCH18,9500,N.A.,Success,60,ABC,O
10194,25-04-2022,Vesting1,536,TRANCH18,10500,N.A.,Success,60,ABC,N
10433,25-04-2022,Vesting1,536,TRANCH18,25300,N.A.,Success,60,ABC,O
7608,25-04-2022,Vesting1,536,TRANCH18,1800,N.A.,Success,60,ABC,N
5562,25-04-2022,Vesting1,536,TRANCH18,2160,N.A.,Success,60,ABC,N
12820,25-04-2022,Vesting1,536,TRANCH18,1800,N.A.,Success,60,ABC,O
9507,25-04-2022,Vesting1,536,TRANCH18,6750,N.A.,Success,60,ABC,N
4939,25-04-2022,Vesting1,536,TRANCH18,1440,N.A.,Success,60,ABC,O
9776,25-04-2022,Vesting1,536,TRANCH18,8400,N.A.,Success,60,ABC,O
6095,25-04-2022,Vesting1,536,TRANCH18,2700,N.A.,Success,60,ABC,N
7630,25-04-2022,Vesting1,536,TRANCH18,1440,N.A.,Success,60,ABC,O
5982,25-04-2022,Vesting1,536,TRANCH18,1800,N.A.,Success,60,ABC,N
4515,25-04-2022,Vesting1,536,TRANCH18,1440,N.A.,Success,60,ABC,N
4469,25-04-2022,Vesting1,536,TRANCH18,2700,N.A.,Success,60,ABC,O
3561,25-04-2022,Vesting1,536,TRANCH18,2160,N.A.,Success,60,ABC,N
3044,25-04-2022,Vesting1,536,TRANCH18,2160,N.A.,Success,60,ABC,O
2256,25-04-2022,Vesting1,536,TRANCH18,2700,N.A.,Success,60,ABC,N
3368,25-04-2022,Vesting1,536,TRANCH18,6750,N.A.,Success,60,ABC,N
3348,25-04-2022,Vesting1,536,TRANCH18,2700,N.A.,Success,60,ABC,O
12993,25-04-2022,Vesting1,536,TRANCH18,2160,N.A.,Success,60,ABC,O
7276,25-04-2022,Vesting1,536,TRANCH18,1800,N.A.,Success,60,ABC,N
13007,25-04-2022,Vesting1,536,TRANCH18,9500,N.A.,Success,60,ABC,N
2510,25-04-2022,Vesting1,536,TRANCH18,1440,N.A.,Success,60,ABC,N
6506,25-04-2022,Vesting1,536,TRANCH18,5400,N.A.,Success,60,ABC,O
5894,25-04-2022,Vesting1,536,TRANCH18,2700,N.A.,Success,60,ABC,N
7803,25-04-2022,Vesting1,536,TRANCH18,2160,N.A.,Success,60,ABC,N
4043,25-04-2022,Vesting1,536,TRANCH18,2160,N.A.,Success,60,ABC,O
10214,25-04-2022,Vesting1,536,TRANCH18,11800,N.A.,Success,60,ABC,N
2949,25-04-2022,Vesting1,536,TRANCH18,2160,N.A.,Success,60,ABC,O
1450,25-04-2022,Vesting1,536,TRANCH18,2700,N.A.,Success,60,ABC,N
7099,25-04-2022,Vesting1,536,TRANCH18,2160,N.A.,Success,60,ABC,O
7786,25-04-2022,Vesting1,536,TRANCH18,5400,N.A.,Success,60,ABC,N
10613,25-04-2022,Vesting1,536,TRANCH18,2160,N.A.,Success,60,ABC,N
7603,25-04-2022,Vesting1,536,TRANCH18,1440,N.A.,Success,60,ABC,O
3763,25-04-2022,Vesting1,536,TRANCH18,6750,N.A.,Success,60,ABC,O
5192,25-04-2022,Vesting1,536,TRANCH18,2700,N.A.,Success,60,ABC,N
13234,25-04-2022,Vesting1,536,TRANCH18,1440,N.A.,Success,60,ABC,O
1687,25-04-2022,Vesting1,536,TRANCH18,9500,N.A.,Success,60,ABC,N
13351,25-04-2022,Vesting1,536,TRANCH18,1440,N.A.,Success,60,ABC,N
8330,25-04-2022,Vesting1,536,TRANCH18,9500,N.A.,Success,60,ABC,O
1638,25-04-2022,Vesting1,536,TRANCH18,2700,N.A.,Success,60,ABC,N
2227,25-04-2022,Vesting1,536,TRANCH18,2700,N.A.,Success,60,ABC,O
2283,25-04-2022,Vesting1,536,TRANCH18,2160,N.A.,Success,60,ABC,O
6199,25-04-2022,Vesting1,536,TRANCH18,1800,N.A.,Success,60,ABC,N
2930,25-04-2022,Vesting1,536,TRANCH18,6750,N.A.,Success,60,ABC,N
5986,25-04-2022,Vesting1,536,TRANCH18,2700,N.A.,Success,60,ABC,N
5549,25-04-2022,Vesting1,536,TRANCH18,2160,N.A.,Success,60,ABC,O
7994,25-04-2022,Vesting1,536,TRANCH18,2700,N.A.,Success,60,ABC,N
12796,25-04-2022,Vesting1,536,TRANCH18,5400,N.A.,Success,60,ABC,O
3796,25-04-2022,Vesting1,536,TRANCH18,2160,N.A.,Success,60,ABC,O
5127,25-04-2022,Vesting1,536,TRANCH18,2700,N.A.,Success,60,ABC,O
4307,25-04-2022,Vesting1,536,TRANCH18,2700,N.A.,Success,60,ABC,O
2436,25-04-2022,Vesting1,536,TRANCH18,2160,N.A.,Success,60,ABC,N
2637,25-04-2022,Vesting1,536,TRANCH18,2700,N.A.,Success,60,ABC,O
3042,25-04-2022,Vesting1,536,TRANCH18,6750,N.A.,Success,60,ABC,O
4435,25-04-2022,Vesting1,536,TRANCH18,2700,N.A.,Success,60,ABC,N
5513,25-04-2022,Vesting1,536,TRANCH18,2160,N.A.,Success,60,ABC,O
13028,25-04-2022,Vesting1,536,TRANCH18,5400,N.A.,Success,60,ABC,N
13474,25-04-2022,Vesting1,536,TRANCH18,2160,N.A.,Success,60,ABC,O
4020,25-04-2022,Vesting1,536,TRANCH18,2160,N.A.,Success,60,ABC,N
5079,25-04-2022,Vesting1,536,TRANCH18,1440,N.A.,Success,60,ABC,N
4599,25-04-2022,Vesting1,536,TRANCH18,2160,N.A.,Success,60,ABC,O
4310,25-04-2022,Vesting1,536,TRANCH18,1440,N.A.,Success,60,ABC,N
3360,25-04-2022,Vesting1,536,TRANCH18,2160,N.A.,Success,60,ABC,O
9861,25-04-2022,Vesting1,536,TRANCH18,11800,N.A.,Success,60,ABC,N
3519,25-04-2022,Vesting1,536,TRANCH18,2160,N.A.,Success,60,ABC,O
2662,25-04-2022,Vesting1,536,TRANCH18,1440,N.A.,Success,60,ABC,N
8979,25-04-2022,Vesting1,536,TRANCH18,9500,N.A.,Success,60,ABC,O
7905,25-04-2022,Vesting1,536,TRANCH18,1800,N.A.,Success,60,ABC,O
12944,25-04-2022,Vesting1,536,TRANCH18,9500,N.A.,Success,60,ABC,O
6513,25-04-2022,Vesting1,536,TRANCH18,2160,N.A.,Success,60,ABC,N
7487,25-04-2022,Vesting1,536,TRANCH18,2700,N.A.,Success,60,ABC,N
7153,25-04-2022,Vesting1,536,TRANCH18,2160,N.A.,Success,60,ABC,N
7919,25-04-2022,Vesting1,536,TRANCH18,1440,N.A.,Success,60,ABC,N
4818,25-04-2022,Vesting1,536,TRANCH18,6750,N.A.,Success,60,ABC,O
7594,25-04-2022,Vesting1,536,TRANCH18,5400,N.A.,Success,60,ABC,N
1698,25-04-2022,Vesting1,536,TRANCH18,1800,N.A.,Success,60,ABC,O
5232,25-04-2022,Vesting1,536,TRANCH18,2160,N.A.,Success,60,ABC,N
10213,25-04-2022,Vesting1,536,TRANCH18,6750,N.A.,Success,60,ABC,O
2208,25-04-2022,Vesting1,536,TRANCH18,2160,N.A.,Success,60,ABC,N
7702,25-04-2022,Vesting1,536,TRANCH18,1800,N.A.,Success,60,ABC,N
2576,25-04-2022,Vesting1,536,TRANCH18,6750,N.A.,Success,60,ABC,O
2221,25-04-2022,Vesting1,536,TRANCH18,1800,N.A.,Success,60,ABC,N
2757,25-04-2022,Vesting1,536,TRANCH18,2700,N.A.,Success,60,ABC,O
3285,25-04-2022,Vesting1,536,TRANCH18,5400,N.A.,Success,60,ABC,N
1443,25-04-2022,Vesting1,536,TRANCH18,1440,N.A.,Success,60,ABC,N
4126,25-04-2022,Vesting1,536,TRANCH18,1440,N.A.,Success,60,ABC,O
7852,25-04-2022,Vesting1,536,TRANCH18,1440,N.A.,Success,60,ABC,N
8141,25-04-2022,Vesting1,536,TRANCH18,6750,N.A.,Success,60,ABC,O
2595,25-04-2022,Vesting1,536,TRANCH18,2700,N.A.,Success,60,ABC,N
13519,25-04-2022,Vesting1,536,TRANCH18,2700,N.A.,Success,60,ABC,O
3698,25-04-2022,Vesting1,536,TRANCH18,1440,N.A.,Success,60,ABC,N
4987,25-04-2022,Vesting1,536,TRANCH18,5400,N.A.,Success,60,ABC,N
4538,25-04-2022,Vesting1,536,TRANCH18,2160,N.A.,Success,60,ABC,N
8241,25-04-2022,Vesting1,536,TRANCH18,2160,N.A.,Success,60,ABC,N
2240,25-04-2022,Vesting1,536,TRANCH18,2160,N.A.,Success,60,ABC,O
7061,25-04-2022,Vesting1,536,TRANCH18,1440,N.A.,Success,60,ABC,N
13273,25-04-2022,Vesting1,536,TRANCH18,6750,N.A.,Success,60,ABC,O
4295,25-04-2022,Vesting1,536,TRANCH18,1800,N.A.,Success,60,ABC,N
1833,25-04-2022,Vesting1,536,TRANCH18,2160,N.A.,Success,60,ABC,N
5743,25-04-2022,Vesting1,536,TRANCH18,1800,N.A.,Success,60,ABC,O
2904,25-04-2022,Vesting1,536,TRANCH18,1440,N.A.,Success,60,ABC,N
3289,25-04-2022,Vesting1,536,TRANCH18,2160,N.A.,Success,60,ABC,O
6213,25-04-2022,Vesting1,536,TRANCH18,2700,N.A.,Success,60,ABC,O
3497,25-04-2022,Vesting1,536,TRANCH18,2160,N.A.,Success,60,ABC,N
3389,25-04-2022,Vesting1,536,TRANCH18,2700,N.A.,Success,60,ABC,O
4345,25-04-2022,Vesting1,536,TRANCH18,1440,N.A.,Success,60,ABC,N
6836,25-04-2022,Vesting1,536,TRANCH18,6750,N.A.,Success,60,ABC,O
5708,25-04-2022,Vesting1,536,TRANCH18,1440,N.A.,Success,60,ABC,N
2112,25-04-2022,Vesting1,536,TRANCH18,5400,N.A.,Success,60,ABC,N
3358,25-04-2022,Vesting1,536,TRANCH18,1800,N.A.,Success,60,ABC,O
2856,25-04-2022,Vesting1,536,TRANCH18,1440,N.A.,Success,60,ABC,N
4574,25-04-2022,Vesting1,536,TRANCH18,2700,N.A.,Success,60,ABC,O
10627,25-04-2022,Vesting1,536,TRANCH18,2160,N.A.,Success,60,ABC,N
2253,25-04-2022,Vesting1,536,TRANCH18,2700,N.A.,Success,60,ABC,O
2830,25-04-2022,Vesting1,536,TRANCH18,2700,N.A.,Success,60,ABC,N
10626,25-04-2022,Vesting1,536,TRANCH18,5400,N.A.,Success,60,ABC,N
2140,25-04-2022,Vesting1,536,TRANCH18,1440,N.A.,Success,60,ABC,N
7856,25-04-2022,Vesting1,536,TRANCH18,2160,N.A.,Success,60,ABC,N
2676,25-04-2022,Vesting1,536,TRANCH18,2700,N.A.,Success,60,ABC,N
2084,25-04-2022,Vesting1,536,TRANCH18,6750,N.A.,Success,60,ABC,O
7967,25-04-2022,Vesting1,536,TRANCH18,6750,N.A.,Success,60,ABC,O
2328,25-04-2022,Vesting1,536,TRANCH18,2160,N.A.,Success,60,ABC,N
2428,25-04-2022,Vesting1,536,TRANCH18,2160,N.A.,Success,60,ABC,O
1662,25-04-2022,Vesting1,536,TRANCH18,9500,N.A.,Success,60,ABC,O
9859,25-04-2022,Vesting1,536,TRANCH18,7600,N.A.,Success,60,ABC,N
2284,25-04-2022,Vesting1,536,TRANCH18,2700,N.A.,Success,60,ABC,N
2113,25-04-2022,Vesting1,536,TRANCH18,1440,N.A.,Success,60,ABC,N
6015,25-04-2022,Vesting1,536,TRANCH18,7600,N.A.,Success,60,ABC,N
1777,25-04-2022,Vesting1,536,TRANCH18,6750,N.A.,Success,60,ABC,O
6545,25-04-2022,Vesting1,536,TRANCH18,2700,N.A.,Success,60,ABC,N
6433,25-04-2022,Vesting1,536,TRANCH18,1800,N.A.,Success,60,ABC,N
4328,25-04-2022,Vesting1,536,TRANCH18,2160,N.A.,Success,60,ABC,O
12818,25-04-2022,Vesting1,536,TRANCH18,11800,N.A.,Success,60,ABC,N
4635,25-04-2022,Vesting1,536,TRANCH18,2700,N.A.,Success,60,ABC,O
10603,25-04-2022,Vesting1,536,TRANCH18,9440,N.A.,Success,60,ABC,N
6517,25-04-2022,Vesting1,536,TRANCH18,1440,N.A.,Success,60,ABC,N
11171,25-04-2022,Vesting1,536,TRANCH18,6750,N.A.,Success,60,ABC,N
10712,25-04-2022,Vesting1,536,TRANCH18,1440,N.A.,Success,60,ABC,O
2531,25-04-2022,Vesting1,536,TRANCH18,1440,N.A.,Success,60,ABC,N
7189,25-04-2022,Vesting1,536,TRANCH18,2160,N.A.,Success,60,ABC,O
1639,25-04-2022,Vesting1,536,TRANCH18,2160,N.A.,Success,60,ABC,O
4860,25-04-2022,Vesting1,536,TRANCH18,2160,N.A.,Success,60,ABC,N
5495,25-04-2022,Vesting1,536,TRANCH18,2700,N.A.,Success,60,ABC,O
10789,25-04-2022,Vesting1,536,TRANCH18,1800,N.A.,Success,60,ABC,N
4610,25-04-2022,Vesting1,536,TRANCH18,6750,N.A.,Success,60,ABC,O
3950,25-04-2022,Vesting1,536,TRANCH18,1440,N.A.,Success,60,ABC,N
4746,25-04-2022,Vesting1,536,TRANCH18,1800,N.A.,Success,60,ABC,N
2429,25-04-2022,Vesting1,536,TRANCH18,2160,N.A.,Success,60,ABC,N
6020,25-04-2022,Vesting1,536,TRANCH18,2700,N.A.,Success,60,ABC,N
3596,25-04-2022,Vesting1,536,TRANCH18,6750,N.A.,Success,60,ABC,O
2542,25-04-2022,Vesting1,536,TRANCH18,2700,N.A.,Success,60,ABC,O
2395,25-04-2022,Vesting1,536,TRANCH18,2160,N.A.,Success,60,ABC,N
7470,25-04-2022,Vesting1,536,TRANCH18,2160,N.A.,Success,60,ABC,O
2834,25-04-2022,Vesting1,536,TRANCH18,5400,N.A.,Success,60,ABC,N
3578,25-04-2022,Vesting1,536,TRANCH18,6750,N.A.,Success,60,ABC,N
12596,25-04-2022,Vesting1,536,TRANCH18,5400,N.A.,Success,60,ABC,O
2501,25-04-2022,Vesting1,536,TRANCH18,2700,N.A.,Success,60,ABC,N
6034,25-04-2022,Vesting1,536,TRANCH18,5400,N.A.,Success,60,ABC,O
5319,25-04-2022,Vesting1,536,TRANCH18,9500,N.A.,Success,60,ABC,N
10215,25-04-2022,Vesting1,536,TRANCH18,11800,N.A.,Success,60,ABC,N
4657,25-04-2022,Vesting1,536,TRANCH18,1440,N.A.,Success,60,ABC,O
4573,25-04-2022,Vesting1,536,TRANCH18,5400,N.A.,Success,60,ABC,N
3633,25-04-2022,Vesting1,536,TRANCH18,1440,N.A.,Success,60,ABC,O
6050,25-04-2022,Vesting1,536,TRANCH18,1440,N.A.,Success,60,ABC,N
2955,25-04-2022,Vesting1,536,TRANCH18,2160,N.A.,Success,60,ABC,O
3199,25-04-2022,Vesting1,536,TRANCH18,1440,N.A.,Success,60,ABC,N
3891,25-04-2022,Vesting1,536,TRANCH18,1800,N.A.,Success,60,ABC,N
5461,25-04-2022,Vesting1,536,TRANCH18,1800,N.A.,Success,60,ABC,N
3954,25-04-2022,Vesting1,536,TRANCH18,1440,N.A.,Success,60,ABC,N
7087,25-04-2022,Vesting1,536,TRANCH18,2160,N.A.,Success,60,ABC,N
4500,25-04-2022,Vesting1,536,TRANCH18,2160,N.A.,Success,60,ABC,O
7679,25-04-2022,Vesting1,536,TRANCH18,6750,N.A.,Success,60,ABC,N
6030,25-04-2022,Vesting1,536,TRANCH18,5400,N.A.,Success,60,ABC,N
2658,25-04-2022,Vesting1,536,TRANCH18,1440,N.A.,Success,60,ABC,O
2526,25-04-2022,Vesting1,536,TRANCH18,2700,N.A.,Success,60,ABC,O
3805,25-04-2022,Vesting1,536,TRANCH18,2160,N.A.,Success,60,ABC,N
10419,25-04-2022,Vesting1,536,TRANCH18,20250,N.A.,Success,60,ABC,O
2038,25-04-2022,Vesting1,536,TRANCH18,7600,N.A.,Success,60,ABC,N
4167,25-04-2022,Vesting1,536,TRANCH18,7600,N.A.,Success,60,ABC,N
14317,25-04-2022,Vesting1,536,TRANCH18,7600,N.A.,Success,60,ABC,O
15166,25-04-2022,Vesting1,536,TRANCH18,9500,N.A.,Success,60,ABC,N
1555,25-04-2022,Vesting1,536,TRANCH18,5400,N.A.,Success,60,ABC,O
6175,25-04-2022,Vesting1,536,TRANCH18,5400,N.A.,Success,60,ABC,N
3337,25-04-2022,Vesting1,536,TRANCH18,5400,N.A.,Success,60,ABC,O
8505,25-04-2022,Vesting1,536,TRANCH18,5400,N.A.,Success,60,ABC,N
1461,25-04-2022,Vesting1,536,TRANCH18,5400,N.A.,Success,60,ABC,N
6041,25-04-2022,Vesting1,536,TRANCH18,5400,N.A.,Success,60,ABC,O
2783,25-04-2022,Vesting1,536,TRANCH18,5400,N.A.,Success,60,ABC,N
11379,25-04-2022,Vesting1,536,TRANCH18,6750,N.A.,Success,60,ABC,O
13874,25-04-2022,Vesting1,536,TRANCH18,5400,N.A.,Success,60,ABC,N
12975,25-04-2022,Vesting1,536,TRANCH18,6750,N.A.,Success,60,ABC,O
11535,25-04-2022,Vesting1,536,TRANCH18,5400,N.A.,Success,60,ABC,N
14064,25-04-2022,Vesting1,536,TRANCH18,6750,N.A.,Success,60,ABC,N
10358,25-04-2022,Vesting1,536,TRANCH18,5400,N.A.,Success,60,ABC,O
14569,25-04-2022,Vesting1,536,TRANCH18,5400,N.A.,Success,60,ABC,N
14836,25-04-2022,Vesting1,536,TRANCH18,5400,N.A.,Success,60,ABC,O
14837,25-04-2022,Vesting1,536,TRANCH18,5400,N.A.,Success,60,ABC,N
14890,25-04-2022,Vesting1,536,TRANCH18,5400,N.A.,Success,60,ABC,O
14941,25-04-2022,Vesting1,536,TRANCH18,5400,N.A.,Success,60,ABC,N
15244,25-04-2022,Vesting1,536,TRANCH18,5400,N.A.,Success,60,ABC,N
15285,25-04-2022,Vesting1,536,TRANCH18,5400,N.A.,Success,60,ABC,O
5707,25-04-2022,Vesting1,536,TRANCH18,2160,N.A.,Success,60,ABC,N
1430,25-04-2022,Vesting1,536,TRANCH18,2160,N.A.,Success,60,ABC,O
3385,25-04-2022,Vesting1,536,TRANCH18,2160,N.A.,Success,60,ABC,N
4175,25-04-2022,Vesting1,536,TRANCH18,2160,N.A.,Success,60,ABC,O
4929,25-04-2022,Vesting1,536,TRANCH18,2160,N.A.,Success,60,ABC,N
7704,25-04-2022,Vesting1,536,TRANCH18,2160,N.A.,Success,60,ABC,N
8359,25-04-2022,Vesting1,536,TRANCH18,2160,N.A.,Success,60,ABC,O
3390,25-04-2022,Vesting1,536,TRANCH18,2160,N.A.,Success,60,ABC,N
1712,25-04-2022,Vesting1,536,TRANCH18,2160,N.A.,Success,60,ABC,O
4652,25-04-2022,Vesting1,536,TRANCH18,2160,N.A.,Success,60,ABC,N
5053,25-04-2022,Vesting1,536,TRANCH18,2700,N.A.,Success,60,ABC,O
5837,25-04-2022,Vesting1,536,TRANCH18,2160,N.A.,Success,60,ABC,N
5905,25-04-2022,Vesting1,536,TRANCH18,2160,N.A.,Success,60,ABC,N
5998,25-04-2022,Vesting1,536,TRANCH18,2160,N.A.,Success,60,ABC,O
6800,25-04-2022,Vesting1,536,TRANCH18,2160,N.A.,Success,60,ABC,N
7897,25-04-2022,Vesting1,536,TRANCH18,2700,N.A.,Success,60,ABC,O
8167,25-04-2022,Vesting1,536,TRANCH18,2160,N.A.,Success,60,ABC,N
8460,25-04-2022,Vesting1,536,TRANCH18,2160,N.A.,Success,60,ABC,O
6043,25-04-2022,Vesting1,536,TRANCH18,2160,N.A.,Success,60,ABC,N
1825,25-04-2022,Vesting1,536,TRANCH18,2160,N.A.,Success,60,ABC,O
1973,25-04-2022,Vesting1,536,TRANCH18,2160,N.A.,Success,60,ABC,N
2143,25-04-2022,Vesting1,536,TRANCH18,2700,N.A.,Success,60,ABC,O
2281,25-04-2022,Vesting1,536,TRANCH18,2160,N.A.,Success,60,ABC,N
2359,25-04-2022,Vesting1,536,TRANCH18,2700,N.A.,Success,60,ABC,O
8140,25-04-2022,Vesting1,536,TRANCH18,2700,N.A.,Success,60,ABC,N
4971,25-04-2022,Vesting1,536,TRANCH18,2160,N.A.,Success,60,ABC,O
5608,25-04-2022,Vesting1,536,TRANCH18,2160,N.A.,Success,60,ABC,N
5965,25-04-2022,Vesting1,536,TRANCH18,2160,N.A.,Success,60,ABC,N
11293,25-04-2022,Vesting1,536,TRANCH18,2160,N.A.,Success,60,ABC,O
10638,25-04-2022,Vesting1,536,TRANCH18,2160,N.A.,Success,60,ABC,N
13275,25-04-2022,Vesting1,536,TRANCH18,2160,N.A.,Success,60,ABC,O
13069,25-04-2022,Vesting1,536,TRANCH18,2160,N.A.,Success,60,ABC,N
1614,25-04-2022,Vesting1,536,TRANCH18,1440,N.A.,Success,60,ABC,O
2893,25-04-2022,Vesting1,536,TRANCH18,1800,N.A.,Success,60,ABC,N
3205,25-04-2022,Vesting1,536,TRANCH18,1440,N.A.,Success,60,ABC,N
3880,25-04-2022,Vesting1,536,TRANCH18,1440,N.A.,Success,60,ABC,O
3444,25-04-2022,Vesting1,536,TRANCH18,1440,N.A.,Success,60,ABC,N
6817,25-04-2022,Vesting1,536,TRANCH18,1440,N.A.,Success,60,ABC,O
8437,25-04-2022,Vesting1,536,TRANCH18,1440,N.A.,Success,60,ABC,N
1987,25-04-2022,Vesting1,536,TRANCH18,1800,N.A.,Success,60,ABC,O
3474,25-04-2022,Vesting1,536,TRANCH18,1440,N.A.,Success,60,ABC,N
3496,25-04-2022,Vesting1,536,TRANCH18,1440,N.A.,Success,60,ABC,N
5242,25-04-2022,Vesting1,536,TRANCH18,1440,N.A.,Success,60,ABC,O
5795,25-04-2022,Vesting1,536,TRANCH18,1440,N.A.,Success,60,ABC,N
7364,25-04-2022,Vesting1,536,TRANCH18,1440,N.A.,Success,60,ABC,O
7791,25-04-2022,Vesting1,536,TRANCH18,1440,N.A.,Success,60,ABC,N
7806,25-04-2022,Vesting1,536,TRANCH18,1440,N.A.,Success,60,ABC,O
8032,25-04-2022,Vesting1,536,TRANCH18,1800,N.A.,Success,60,ABC,N
8300,25-04-2022,Vesting1,536,TRANCH18,1440,N.A.,Success,60,ABC,N
8309,25-04-2022,Vesting1,536,TRANCH18,1800,N.A.,Success,60,ABC,O
8378,25-04-2022,Vesting1,536,TRANCH18,1800,N.A.,Success,60,ABC,N
8328,25-04-2022,Vesting1,536,TRANCH18,1440,N.A.,Success,60,ABC,O
8456,25-04-2022,Vesting1,536,TRANCH18,1440,N.A.,Success,60,ABC,N
2222,25-04-2022,Vesting1,536,TRANCH18,1440,N.A.,Success,60,ABC,O
2313,25-04-2022,Vesting1,536,TRANCH18,1800,N.A.,Success,60,ABC,N
2677,25-04-2022,Vesting1,536,TRANCH18,1440,N.A.,Success,60,ABC,N
2689,25-04-2022,Vesting1,536,TRANCH18,1440,N.A.,Success,60,ABC,O
2996,25-04-2022,Vesting1,536,TRANCH18,1440,N.A.,Success,60,ABC,N
4048,25-04-2022,Vesting1,536,TRANCH18,1440,N.A.,Success,60,ABC,O
5654,25-04-2022,Vesting1,536,TRANCH18,1440,N.A.,Success,60,ABC,N
6551,25-04-2022,Vesting1,536,TRANCH18,1440,N.A.,Success,60,ABC,O
11250,25-04-2022,Vesting1,536,TRANCH18,1440,N.A.,Success,60,ABC,N
12889,25-04-2022,Vesting1,536,TRANCH18,1440,N.A.,Success,60,ABC,N
13318,25-04-2022,Vesting1,536,TRANCH18,1440,N.A.,Success,60,ABC,O
10624,25-04-2022,Vesting1,536,TRANCH18,1440,N.A.,Success,60,ABC,N
7377,25-04-2022,Vesting1,536,TRANCH18,1800,N.A.,Success,60,ABC,O
2886,25-04-2022,Vesting1,536,TRANCH18,1800,N.A.,Success,60,ABC,N
2952,25-04-2022,Vesting1,536,TRANCH18,1800,N.A.,Success,60,ABC,O
3144,25-04-2022,Vesting1,536,TRANCH18,1440,N.A.,Success,60,ABC,N
6813,25-04-2022,Vesting1,536,TRANCH18,1440,N.A.,Success,60,ABC,N
7789,25-04-2022,Vesting1,536,TRANCH18,1440,N.A.,Success,60,ABC,O
6980,25-04-2022,Vesting1,536,TRANCH18,1800,N.A.,Success,60,ABC,N
2974,25-04-2022,Vesting1,536,TRANCH18,1800,N.A.,Success,60,ABC,O
4895,25-04-2022,Vesting1,536,TRANCH18,1440,N.A.,Success,60,ABC,N
6001,25-04-2022,Vesting1,536,TRANCH18,1440,N.A.,Success,60,ABC,O
2898,25-04-2022,Vesting1,536,TRANCH18,1800,N.A.,Success,60,ABC,N
5013,25-04-2022,Vesting1,536,TRANCH18,1800,N.A.,Success,60,ABC,N
5197,25-04-2022,Vesting1,536,TRANCH18,1800,N.A.,Success,60,ABC,O
3751,25-04-2022,Vesting1,536,TRANCH18,1440,N.A.,Success,60,ABC,N
5715,25-04-2022,Vesting1,536,TRANCH18,1440,N.A.,Success,60,ABC,O
5067,25-04-2022,Vesting1,536,TRANCH18,1440,N.A.,Success,60,ABC,N
6777,25-04-2022,Vesting1,536,TRANCH18,1800,N.A.,Success,60,ABC,O
7043,25-04-2022,Vesting1,536,TRANCH18,1440,N.A.,Success,60,ABC,N
7065,25-04-2022,Vesting1,536,TRANCH18,1440,N.A.,Success,60,ABC,N
8334,25-04-2022,Vesting1,536,TRANCH18,1800,N.A.,Success,60,ABC,O
1603,25-04-2022,Vesting1,536,TRANCH18,1440,N.A.,Success,60,ABC,N
2701,25-04-2022,Vesting1,536,TRANCH18,1800,N.A.,Success,60,ABC,O
4756,25-04-2022,Vesting1,536,TRANCH18,1800,N.A.,Success,60,ABC,N
3263,25-04-2022,Vesting1,536,TRANCH18,1440,N.A.,Success,60,ABC,O
3520,25-04-2022,Vesting1,536,TRANCH18,1800,N.A.,Success,60,ABC,N
3928,25-04-2022,Vesting1,536,TRANCH18,1800,N.A.,Success,60,ABC,N
4274,25-04-2022,Vesting1,536,TRANCH18,1440,N.A.,Success,60,ABC,O
5522,25-04-2022,Vesting1,536,TRANCH18,1800,N.A.,Success,60,ABC,N
7208,25-04-2022,Vesting1,536,TRANCH18,1800,N.A.,Success,60,ABC,O
8196,25-04-2022,Vesting1,536,TRANCH18,1440,N.A.,Success,60,ABC,N
6082,25-04-2022,Vesting1,536,TRANCH18,1440,N.A.,Success,60,ABC,O
6090,25-04-2022,Vesting1,536,TRANCH18,1440,N.A.,Success,60,ABC,N
6109,25-04-2022,Vesting1,536,TRANCH18,1800,N.A.,Success,60,ABC,N
6225,25-04-2022,Vesting1,536,TRANCH18,1800,N.A.,Success,60,ABC,O
1957,25-04-2022,Vesting1,536,TRANCH18,1440,N.A.,Success,60,ABC,N
2220,25-04-2022,Vesting1,536,TRANCH18,1440,N.A.,Success,60,ABC,O
2948,25-04-2022,Vesting1,536,TRANCH18,1440,N.A.,Success,60,ABC,N
8123,25-04-2022,Vesting1,536,TRANCH18,1440,N.A.,Success,60,ABC,O
3483,25-04-2022,Vesting1,536,TRANCH18,1800,N.A.,Success,60,ABC,N
7920,25-04-2022,Vesting1,536,TRANCH18,1800,N.A.,Success,60,ABC,N
5716,25-04-2022,Vesting1,536,TRANCH18,1440,N.A.,Success,60,ABC,O
7255,25-04-2022,Vesting1,536,TRANCH18,1440,N.A.,Success,60,ABC,N
7866,25-04-2022,Vesting1,536,TRANCH18,1440,N.A.,Success,60,ABC,O
7879,25-04-2022,Vesting1,536,TRANCH18,1440,N.A.,Success,60,ABC,N
8489,25-04-2022,Vesting1,536,TRANCH18,1440,N.A.,Success,60,ABC,O
12961,25-04-2022,Vesting1,536,TRANCH18,1800,N.A.,Success,60,ABC,N
12880,25-04-2022,Vesting1,536,TRANCH18,1440,N.A.,Success,60,ABC,N
13193,25-04-2022,Vesting1,536,TRANCH18,1440,N.A.,Success,60,ABC,O
13484,25-04-2022,Vesting1,536,TRANCH18,1440,N.A.,Success,60,ABC,N
13002,25-04-2022,Vesting1,536,TRANCH18,1440,N.A.,Success,60,ABC,O
13804,25-04-2022,Vesting1,536,TRANCH18,1440,N.A.,Success,60,ABC,N
10884,25-04-2022,Vesting1,536,TRANCH18,1440,N.A.,Success,60,ABC,O
13308,25-04-2022,Vesting1,536,TRANCH18,1800,N.A.,Success,60,ABC,N
11545,25-04-2022,Vesting1,536,TRANCH18,1440,N.A.,Success,60,ABC,N
3241,25-04-2022,Vesting1,536,TRANCH18,1440,N.A.,Success,60,ABC,O
13683,25-04-2022,Vesting1,536,TRANCH18,1800,N.A.,Success,60,ABC,N
20592,13-06-2022,Vesting1,536,TRANCH19,40000,N.A.,Success,60,ABC,O
00549,01-04-2012,Vesting1,38.5,TRANCH1 HEHI,57143,N.A.,Success,60,HEHI1,O
003,01-04-2012,Vesting1,38.5,TRANCH1 HEHI,38312,N.A.,Success,60,HEHI1,O
006,01-04-2012,Vesting1,38.5,TRANCH1 HEHI,38312,N.A.,Success,60,HEHI1,O
00469,01-04-2012,Vesting1,38.5,TRANCH1 HEHI,10390,N.A.,Success,60,HEHI1,O
0044,01-04-2012,Vesting1,38.5,TRANCH1 HEHI,6494,N.A.,Success,60,HEHI1,O
10601,01-04-2012,Vesting1,38.5,TRANCH1 HEHI,6494,N.A.,Success,60,HEHI1,O
00115,01-04-2012,Vesting1,38.5,TRANCH1 HEHI,6494,N.A.,Success,60,HEHI1,O
00178,01-04-2012,Vesting1,38.5,TRANCH1 HEHI,6494,N.A.,Success,60,HEHI1,O
00253,01-04-2012,Vesting1,38.5,TRANCH1 HEHI,6494,N.A.,Success,60,HEHI1,O
00294,01-04-2012,Vesting1,38.5,TRANCH1 HEHI,6494,N.A.,Success,60,HEHI1,O
00363,01-04-2012,Vesting1,38.5,TRANCH1 HEHI,6494,N.A.,Success,60,HEHI1,O
10605,01-04-2012,Vesting1,38.5,TRANCH1 HEHI,2598,N.A.,Success,60,HEHI1,O
00107,01-04-2012,Vesting1,38.5,TRANCH1 HEHI,5195,N.A.,Success,60,HEHI1,O
00545,01-04-2012,Vesting1,38.5,TRANCH1 HEHI,29871,N.A.,Success,60,HEHI1,O
0037,01-04-2012,Vesting1,38.5,TRANCH1 HEHI,6494,N.A.,Success,60,HEHI1,O
0025,01-04-2012,Vesting1,38.5,TRANCH1 HEHI,5195,N.A.,Success,60,HEHI1,O
00254,01-04-2012,Vesting1,38.5,TRANCH1 HEHI,3897,N.A.,Success,60,HEHI1,O
0043,01-04-2012,Vesting1,38.5,TRANCH1 HEHI,5195,N.A.,Success,60,HEHI1,O
0028,01-04-2012,Vesting1,38.5,TRANCH1 HEHI,5195,N.A.,Success,60,HEHI1,O
0039,01-04-2012,Vesting1,38.5,TRANCH1 HEHI,5195,N.A.,Success,60,HEHI1,O
0012,01-04-2012,Vesting1,38.5,TRANCH1 HEHI,5195,N.A.,Success,60,HEHI1,O
00100,01-04-2012,Vesting1,38.5,TRANCH1 HEHI,6494,N.A.,Success,60,HEHI1,O
007835,01-04-2012,Vesting1,38.5,TRANCH1 HEHI,29871,N.A.,Success,60,HEHI1,O
005,01-04-2012,Vesting1,38.5,TRANCH1 HEHI,10390,N.A.,Success,60,HEHI1,O
00549,01-08-2016,Vesting1,75.8065,TRANCH2 HEHI,64936,N.A.,Success,60,HEHI1,O
003,01-08-2016,Vesting1,75.8065,TRANCH2 HEHI,51949,N.A.,Success,60,HEHI1,O
006,01-08-2016,Vesting1,75.8065,TRANCH2 HEHI,38962,N.A.,Success,60,HEHI1,O
00469,01-08-2016,Vesting1,75.8065,TRANCH2 HEHI,12988,N.A.,Success,60,HEHI1,O
0044,01-08-2016,Vesting1,75.8065,TRANCH2 HEHI,12988,N.A.,Success,60,HEHI1,O
00115,01-08-2016,Vesting1,75.8065,TRANCH2 HEHI,12988,N.A.,Success,60,HEHI1,O
00253,01-08-2016,Vesting1,75.8065,TRANCH2 HEHI,12988,N.A.,Success,60,HEHI1,O
00294,01-08-2016,Vesting1,75.8065,TRANCH2 HEHI,19481,N.A.,Success,60,HEHI1,O
00831,01-08-2016,Vesting1,75.8065,TRANCH2 HEHI,12988,N.A.,Success,60,HEHI1,O
003910,01-08-2016,Vesting1,75.8065,TRANCH2 HEHI,12988,N.A.,Success,60,HEHI1,O
001561,01-08-2016,Vesting1,75.8065,TRANCH2 HEHI,6494,N.A.,Success,60,HEHI1,O
007835,01-08-2016,Vesting1,75.8065,TRANCH2 HEHI,32468,N.A.,Success,60,HEHI1,O
005,01-08-2016,Vesting1,75.8065,TRANCH2 HEHI,12988,N.A.,Success,60,HEHI1,O
00549,01-10-2017,Vesting1,75.8065,TRANCH3 HEHI,51949,N.A.,Success,60,HEHI1,O
003,01-10-2017,Vesting1,75.8065,TRANCH3 HEHI,42858,N.A.,Success,60,HEHI1,O
006,01-10-2017,Vesting1,75.8065,TRANCH3 HEHI,35065,N.A.,Success,60,HEHI1,O
00469,01-10-2017,Vesting1,75.8065,TRANCH3 HEHI,28572,N.A.,Success,60,HEHI1,O
0044,01-10-2017,Vesting1,75.8065,TRANCH3 HEHI,32468,N.A.,Success,60,HEHI1,O
00115,01-10-2017,Vesting1,75.8065,TRANCH3 HEHI,32468,N.A.,Success,60,HEHI1,O
00253,01-10-2017,Vesting1,75.8065,TRANCH3 HEHI,32468,N.A.,Success,60,HEHI1,O
00294,01-10-2017,Vesting1,75.8065,TRANCH3 HEHI,32468,N.A.,Success,60,HEHI1,O
00831,01-10-2017,Vesting1,75.8065,TRANCH3 HEHI,11689,N.A.,Success,60,HEHI1,O
001561,01-10-2017,Vesting1,75.8065,TRANCH3 HEHI,11689,N.A.,Success,60,HEHI1,O
007835,01-10-2017,Vesting1,75.8065,TRANCH3 HEHI,32468,N.A.,Success,60,HEHI1,O
005,01-10-2017,Vesting1,75.8065,TRANCH3 HEHI,11689,N.A.,Success,60,HEHI1,O
00549,09-02-2018,Vesting2,75.8065,TRANCH4 HEHI,116884,N.A.,Success,60,HEHI1,O
003,09-02-2018,Vesting2,75.8065,TRANCH4 HEHI,83117,N.A.,Success,60,HEHI1,O
006,09-02-2018,Vesting2,75.8065,TRANCH4 HEHI,62338,N.A.,Success,60,HEHI1,O
00469,09-02-2018,Vesting2,75.8065,TRANCH4 HEHI,41559,N.A.,Success,60,HEHI1,O
0044,09-02-2018,Vesting2,75.8065,TRANCH4 HEHI,41559,N.A.,Success,60,HEHI1,O
00115,09-02-2018,Vesting2,75.8065,TRANCH4 HEHI,41559,N.A.,Success,60,HEHI1,O
00253,09-02-2018,Vesting2,75.8065,TRANCH4 HEHI,41559,N.A.,Success,60,HEHI1,O
00294,09-02-2018,Vesting2,75.8065,TRANCH4 HEHI,51949,N.A.,Success,60,HEHI1,O
13426,09-02-2018,Vesting2,75.8065,TRANCH4 HEHI,5195,N.A.,Success,60,HEHI1,O
008804,09-02-2018,Vesting2,75.8065,TRANCH4 HEHI,5195,N.A.,Success,60,HEHI1,O
00831,09-02-2018,Vesting2,75.8065,TRANCH4 HEHI,31169,N.A.,Success,60,HEHI1,O
007835,09-02-2018,Vesting2,75.8065,TRANCH4 HEHI,51949,N.A.,Success,60,HEHI1,O
005,09-02-2018,Vesting2,75.8065,TRANCH4 HEHI,41559,N.A.,Success,60,HEHI1,O
10601,07-08-2019,Vesting2,281.05,TRANCH5 HEHI,6494,N.A.,Success,60,HEHI1,O
008804,07-08-2019,Vesting2,281.05,TRANCH5 HEHI,19481,N.A.,Success,60,HEHI1,O
13060,07-08-2019,Vesting2,281.05,TRANCH5 HEHI,6494,N.A.,Success,60,HEHI1,O
004638,07-08-2019,Vesting2,281.05,TRANCH5 HEHI,6494,N.A.,Success,60,HEHI1,O
001255,07-08-2019,Vesting2,281.05,TRANCH5 HEHI,6494,N.A.,Success,60,HEHI1,O
006684,07-08-2019,Vesting2,281.05,TRANCH5 HEHI,6494,N.A.,Success,60,HEHI1,O
00151,07-08-2019,Vesting2,281.05,TRANCH5 HEHI,6494,N.A.,Success,60,HEHI1,O
00925,07-08-2019,Vesting2,281.05,TRANCH5 HEHI,6494,N.A.,Success,60,HEHI1,O
003634,07-08-2019,Vesting2,281.05,TRANCH5 HEHI,6494,N.A.,Success,60,HEHI1,O
006169,07-08-2019,Vesting2,281.05,TRANCH5 HEHI,6494,N.A.,Success,60,HEHI1,O
13752,07-08-2019,Vesting2,281.05,TRANCH5 HEHI,6494,N.A.,Success,60,HEHI1,O
10614,07-08-2019,Vesting2,281.05,TRANCH5 HEHI,6494,N.A.,Success,60,HEHI1,O
00266,07-08-2019,Vesting2,281.05,TRANCH5 HEHI,6494,N.A.,Success,60,HEHI1,O
00443,07-08-2019,Vesting2,281.05,TRANCH5 HEHI,6494,N.A.,Success,60,HEHI1,O
001605,07-08-2019,Vesting2,281.05,TRANCH5 HEHI,6494,N.A.,Success,60,HEHI1,O
004554,07-08-2019,Vesting2,281.05,TRANCH5 HEHI,6494,N.A.,Success,60,HEHI1,O
13001,07-08-2019,Vesting2,281.05,TRANCH5 HEHI,6494,N.A.,Success,60,HEHI1,O
006783,07-08-2019,Vesting2,281.05,TRANCH5 HEHI,6494,N.A.,Success,60,HEHI1,O
007009,07-08-2019,Vesting2,281.05,TRANCH5 HEHI,6494,N.A.,Success,60,HEHI1,O
00179,07-08-2019,Vesting2,281.05,TRANCH5 HEHI,6494,N.A.,Success,60,HEHI1,O
12822,07-08-2019,Vesting2,281.05,TRANCH5 HEHI,6494,N.A.,Success,60,HEHI1,O
003632,07-08-2019,Vesting2,281.05,TRANCH5 HEHI,6494,N.A.,Success,60,HEHI1,O
13258,07-08-2019,Vesting2,281.05,TRANCH5 HEHI,6494,N.A.,Success,60,HEHI1,O
00657,07-08-2019,Vesting2,281.05,TRANCH5 HEHI,6494,N.A.,Success,60,HEHI1,O
10665,07-08-2019,Vesting2,281.05,TRANCH5 HEHI,6494,N.A.,Success,60,HEHI1,O
002216,07-08-2019,Vesting2,281.05,TRANCH5 HEHI,6494,N.A.,Success,60,HEHI1,O
002400,07-08-2019,Vesting2,281.05,TRANCH5 HEHI,6494,N.A.,Success,60,HEHI1,O
006,10-02-2020,Vesting1,364.595,TRANCH6 HEHI,51949,N.A.,Success,60,HEHI2,O
10601,10-02-2020,Vesting1,364.595,TRANCH6 HEHI,19481,N.A.,Success,60,HEHI2,O
008804,10-02-2020,Vesting1,364.595,TRANCH6 HEHI,19481,N.A.,Success,60,HEHI2,O
13060,10-02-2020,Vesting1,364.595,TRANCH6 HEHI,19481,N.A.,Success,60,HEHI2,O
001255,10-02-2020,Vesting1,364.595,TRANCH6 HEHI,19481,N.A.,Success,60,HEHI2,O
006684,10-02-2020,Vesting1,364.595,TRANCH6 HEHI,19481,N.A.,Success,60,HEHI2,O
003634,10-02-2020,Vesting1,364.595,TRANCH6 HEHI,12988,N.A.,Success,60,HEHI2,O
13001,10-02-2020,Vesting1,364.595,TRANCH6 HEHI,12988,N.A.,Success,60,HEHI2,O
007009,10-02-2020,Vesting1,364.595,TRANCH6 HEHI,12988,N.A.,Success,60,HEHI2,O
12822,10-02-2020,Vesting1,364.595,TRANCH6 HEHI,6494,N.A.,Success,60,HEHI2,O
003632,10-02-2020,Vesting1,364.595,TRANCH6 HEHI,6494,N.A.,Success,60,HEHI2,O
13258,10-02-2020,Vesting1,364.595,TRANCH6 HEHI,6494,N.A.,Success,60,HEHI2,O
00657,10-02-2020,Vesting1,364.595,TRANCH6 HEHI,6494,N.A.,Success,60,HEHI2,O
002400,10-02-2020,Vesting1,364.595,TRANCH6 HEHI,6494,N.A.,Success,60,HEHI2,O
12481,10-02-2020,Vesting1,364.595,TRANCH6 HEHI,38962,N.A.,Success,60,HEHI2,O
12852,10-02-2020,Vesting1,364.595,TRANCH6 HEHI,12988,N.A.,Success,60,HEHI2,O
